mp,party,constituency,degree,strength,betweenness
DR. BHOLA SINGH,BJP,Bulandshahr (SC),15,15,0.4331753870011334
SHRI NABA CHARAN MAJHI,BJP,Mayurbhanj (ST),22,22,0.18169996784272657
RAMESH CHANDER KAUSHIK,BJP,Sonipat,25,34,0.1368790261440366
SMT. KAMALJEET SEHRAWAT,BJP,West Delhi,13,13,0.09712375468997998
RAVNEET SINGH,BJP,Ludhiana,10,13,0.06054743122110454
SMT. KAMLESH JANGDE,BJP,Janjgir–Champa (SC),11,12,0.06021413086509371
VIJAYSINH MOHITE PATIL,NCP,Madha,13,21,0.05136665720340977
KAVITHA KALVAKUNTLA,Regional,Nizamabad,8,8,0.050325939609858684
PREM SINGH CHANDUMAJRA,Regional,Anandpur Sahib,14,16,0.05011312401748894
SHRI SHANKAR LALWANI,BJP,Indore,8,8,0.04859986917639345
NISHIKANT DUBEY,BJP,Godda,31,40,0.04588373426712628
SUNIL BALIRAM GAIKWAD,BJP,Latur (SC),15,24,0.04476704006370284
SHRI DILIP SAIKIA,BJP,Mangaldoi,7,7,0.03498749377293317
MANOJ RAJORIA,BJP,Karauli–Dholpur (SC),30,35,0.034051087985596466
DR. HEMANT VISHNU SAVARA,BJP,Palghar (ST),7,7,0.03184445628494391
SMT. SAJDA AHMED,TMC,Uluberia,4,4,0.031104782412733564
SMT. SMITA UDAY WAGH,Regional,Jalgaon,8,10,0.029996077989555097
RAMA DEVI,BJP,Sheohar,34,52,0.02990418739288216
SHRI BALYA MAMA SURESH GOPINATH MHATRE,NCP,Bhiwandi,3,3,0.02754042998603622
VISHNU DAYAL RAM,BJP,Palamau (SC),21,21,0.027522992596427126
RAMDAS CHANDRABHANJI TADAS,BJP,Wardha,25,32,0.027407140923954708
DR. AMAR SINGH,INC,Fatehgarh Sahib (SC),9,9,0.02727693997236363
JYOTI DHURVE,BJP,Betul (ST),5,5,0.02714002287886496
SHRI BALWANT BASWANT WANKHADE,INC,Amravati (SC),5,5,0.026790060772147115
SMT. MAHIMA KUMARI MEWAR,BJP,Rajsamand,5,5,0.026536070707189628
SMT. APARAJITA SARANGI,BJP,Bhubaneswar,10,11,0.02649538105215485
SHRI RAVINDRA SHUKLA ALIAS RAVI KISHAN,BJP,Secunderabad,13,15,0.025231282763917798
SHRI PRAVEEN PATEL,BJP,Phulpur,11,11,0.024859711628128577
SHRI P V MIDHUN REDDY,YSRCP,Rajampet,4,4,0.024755326996261273
SHRI DHARAMBIR SINGH,BJP,Bhiwani–Mahendragarh,6,6,0.024134575398063084
SHRI KRISHNA PRASAD TENNETI,TDP,Bapatla (SC),6,6,0.024002794509539568
MIDHUN REDDY,YSRCP,Rajampet,20,24,0.02370557729836868
VINAYAK BHAURAO RAUT,Shiv Sena,Ratnagiri–Sindhudurg,43,76,0.02368123452262585
KAMLA DEVI PATLE,BJP,Janjgir-Champa (SC),5,5,0.023565648717908807
SHRI RAMASAHAYAM RAGHURAM REDDY,INC,Khammam,3,3,0.023534263501030762
SHRI P P CHAUDHARY,BJP,Pali,8,8,0.02326977877917706
SHRI RAJKUMAR CHAHAR,BJP,Fatehpur Sikri,8,8,0.02295405414513795
HEENA VIJAYKUMAR GAVIT,BJP,Nandurbar (ST),32,74,0.0225943419922374
SMT. BIJULI KALITA MEDHI,BJP,Guwahati,5,5,0.02220519573899397
RAVINDRA KUSHAWAHA,BJP,Salempur,24,47,0.02210710337601582
MS KANGNA RANAUT,BJP,Mandi,8,9,0.021902256639806026
SHRIRANG APPA BARNE,Shiv Sena,Maval,37,79,0.021645871336872416
SUNIL KUMAR SINGH,BJP,Chatra,35,40,0.020284873212362716
SHRI LAVU SRI KRISHNA DEVARAYALU,TDP,Narasaraopet,5,5,0.020001489111285947
SHRI G M HARISH BALAYOGI,INC,Tonk–Sawai Madhopur,7,9,0.019945563746390848
DR. GUMMA THANUJA RANI,YSRCP,Araku (ST),3,3,0.019944632881085396
C.S. PUTTARAJU,Regional,Mandya,20,20,0.019804413731494136
VINOD KUMAR BOIANAPALLI,Regional,Karimnagar,23,24,0.019710163970866102
RAHUL RAMESH SHEWALE,Shiv Sena,Mumbai South Central,35,98,0.019381621819680776
P.K.SREEMATHI TEACHER,Left,Kannur,18,19,0.01886087269877367
SHRI BIPLAB KUMAR DEB,BJP,Tripura West,6,6,0.01875864303863432
DR. K SUDHAKAR,BJP,Latur (SC),5,5,0.018030899438583495
GAJANAN CHANDRAKANT KIRTIKAR,Shiv Sena,Mumbai North West,42,86,0.01783442321217288
ARVIND GANPAT SAWANT,Shiv Sena,Mumbai South,30,44,0.017569388981877678
SHRI JUGAL KISHORE,BJP,Jammu,11,11,0.017391220390871782
SHRI SURESH KUMAR SHETKAR,INC,Zahirabad,6,13,0.01615764880598032
DR. D. PURANDESWARI,BJP,Rajahmundry,9,10,0.016151491213913724
SHRI B K PARTHASARATHI,TDP,Hindupur,3,3,0.015535215482841182
SANJAY JAISWAL,BJP,Paschim Champaran,13,13,0.015229035647664568
BIDYUT BARAN MAHATO,BJP,Jamshedpur,33,61,0.015038374792484053
SHRI SUNIL KUMAR,JDU,Valmiki Nagar,4,4,0.015003074060985413
CHANDRA PRAKASH JOSHI,BJP,Chittorgarh,33,46,0.014699240198962103
SHRIKANT EKNATH SHINDE,Shiv Sena,Kalyan,37,69,0.01466457247210674
GAURAV GOGOI,INC,Kaliabor,19,27,0.014536449395404882
LOCKET CHATTERJEE,BJP,Hooghly,18,21,0.014302305793227566
SHRI RAMPRIT MANDAL,JDU,Jhanjharpur,6,6,0.013824227519759915
SHRI C N ANNADURAI,DMK,Tiruvannamalai,5,16,0.013340482841181165
SHRI SUDAMA PRASAD,Left,Arrah,3,3,0.013330506783719075
KAUSHALENDRA KUMAR,JDU,Nalanda,23,31,0.013270415133503022
SHRI GODAM NAGESH,BJP,Adilabad (ST),6,6,0.013206997128172748
SHRI BIBHU PRASAD TARAI,BJP,Jagatsinghpur (SC),11,12,0.013152705264136508
P.P. CHAUDHARY,BJP,Pali,28,38,0.013123874708729843
PARAYAMPARANBIL KUTTAPPAN BIJU,Left,Alathur (SC),15,15,0.01288854932955592
SHRI K SUDHAKARAN,INC,Kannur,5,5,0.01281030754987001
NALIN KUMAR KATEEL,BJP,Dakshina Kannada,16,18,0.012691097095778493
SHRI JANARDAN MISHRA,BJP,Rewa,15,16,0.0124462489379344
RAKSHA NIKHIL KHADSE,BJP,Raver,13,13,0.012390796844482996
SHRI VIJAY BAGHEL,BJP,Durg,8,8,0.012272837327861115
DR. RAJEEV BHARADWAJ,INC,Hingoli,2,2,0.012053234228638165
HEMANT TUKARAM GODSE,Shiv Sena,Nashik,19,19,0.011991917858506982
FAIZAL P.P. MOHAMMED,NCP,Lakshadweep (ST),23,25,0.01177733305384906
SHRI ANAND BHADAURIA,DMK,Vellore,5,5,0.011460566665200546
REDDEPPA NALLAKONDA GARI,YSRCP,Chittoor (SC),16,17,0.011260319589129084
SHRI BASTIPATI NAGARAJU,TDP,Kurnool,2,2,0.011110833998403832
NARANBHAI KACHHADIA,BJP,Amreli,20,25,0.011092481436236
FEROZE VARUN GANDHI,INC,Wayanad,17,18,0.011046485888948748
SUMEDHANAND SARASWATI,BJP,Sikar,24,44,0.011031335396602844
SHRI ANIL FIROJIYA,BJP,Ujjain (SC),7,7,0.011023532665374761
SHRI DINESHBHAI MAKWANA,BJP,Ahmedabad West (SC),8,9,0.010962458522319364
SHRI HARIBHAI PATEL,BJP,Mahesana,4,4,0.01093376126906504
SHARAD TRIPATHI,BJP,Sant Kabir Nagar,12,12,0.010904743931175725
SMT. BHARTI PARDHI,BJP,Balaghat,9,18,0.010896764228621778
DEEPAK BAIJ,INC,Bastar (ST),13,13,0.010896203154229555
KRUPAL BALAJI TUMANE,Shiv Sena,Ramtek (SC),28,60,0.010759326125672904
RODMAL NAGAR,BJP,Rajgarh,21,28,0.010686369840201795
ASHOK SHANKARRAO CHAVAN,INC,Nanded,23,36,0.010666127373166598
SHRI CHANDRA PRAKASH CHOUDHARY,Regional,Giridih,9,9,0.01054443086925244
SHRI BHOJRAJ NAG,BJP,Kanker (ST),3,3,0.010471321389991583
Y. S. AVINASH REDDY,YSRCP,Kadapa,18,20,0.010378744305586008
JYOTIRADITYA MADHAVRAO SCINDIA,INC,Guna,22,46,0.010273045424078198
SUPRIYA SADANAND SULE,NCP,Baramati,30,61,0.010211186644715233
SHRI BALABHADRA MAJHI,BJP,Nabarangpur (ST),18,20,0.010170387651301259
SUDHEER GUPTA,BJP,Mandsour,35,72,0.00998389692927364
BHOLA SINGH,BJP,Bulandshahr (SC),19,32,0.009707583212053455
LALLU SINGH,BJP,Faizabad,19,19,0.00969974087071211
PROF. SOUGATA RAY,BJP,Andaman and Nicobar Islands,4,4,0.00959063399356695
DR. NISHIKANT DUBEY,BJP,Godda,9,9,0.009469578963746346
M. K. RAGHAVAN,INC,Kozhikode,16,16,0.009413879000862295
M.K. VISHNU PRASAD,INC,Arani,12,12,0.009407721204522723
MANOJ KUMAR TIWARI,BJP,North East Delhi,23,30,0.00937416502915829
SHRI MANOJ TIWARI,BJP,North East Delhi,10,12,0.009274060417717354
OM BIRLA,BJP,Kota,15,15,0.00926967952217488
RAMESH BIDHURI,BJP,South Delhi,14,15,0.009232989368686703
SHRI BHARTRUHARI MAHTAB,BJP,Cuttack,9,10,0.009229012518387234
SANJAY SHAMRAO DHOTRE,BJP,Akola,19,49,0.009187106536277589
SMT. ROOPKUMARI CHOUDHARY,BJP,Ranchi,10,11,0.009150046152498101
MS. MAHUA MOITRA,TMC,Krishnanagar,3,3,0.009124143151778294
RAVI KISHAN SHUKLA,BJP,Patna Sahib,22,45,0.00899570859515566
SHRI VIJAY KUMAR DUBEY,BJP,Kushinagar,9,9,0.008959819101789841
SHRI SAPTAGIRI SANKAR ULAKA,INC,Koraput (ST),2,2,0.008898643256185156
SHRI UTKARSH VERMA MADHUR,TDP,Amalapuram (SC),2,2,0.008898643256185156
SHRI DAGGUMALLA PRASADA RAO,TDP,Chittoor (SC),2,4,0.008898643256185156
PINAKI MISRA,Regional,Puri,19,19,0.008864549954366948
BHARTRUHARI MAHTAB,Regional,Cuttack,17,53,0.008526016898269458
JAGDAMBIKA PAL,BJP,Domariyaganj,15,15,0.00846798259596039
ASHOK MAHADEORAO NETE,BJP,Gadchiroli–Chimur (ST),16,17,0.008427138220582206
AJAY NISHAD,BJP,Muzaffarpur,11,11,0.008344083230510136
SHRI BENNY BEHANAN,INC,Chalakudy,8,9,0.008319485775770071
BHAVANA GAWALI (PATIL),Shiv Sena,Yavatmal–Washim,19,42,0.00830194713860721
RAJENDRA AGRAWAL,BJP,Meerut,15,16,0.008114318564248059
JITENDRA CHAUDHURY,BJP,Udhampur,8,8,0.008100672419251812
KALIKESH NARAYAN SINGH DEO,Regional,Bolangir,16,16,0.007973984858646347
SHRI BHARATSINHJI SHANKARJI DABHI,BJP,Patan,3,3,0.007926939515184705
SUDHAKAR TUKARAM SHRANGRE,BJP,Latur (SC),16,19,0.007836357236123066
DR. PRASHANT YADAORAO PADOLE,INC,Bhandara–Gondiya,4,4,0.007834180095845335
SHRI RAJESH RANJAN,RJD,Madhepura,5,5,0.00781594627510308
SUNIL KUMAR MONDAL,TMC,Jaynagar (SC),11,11,0.0075782698211831635
SANJAY HARIBHAU JADHAV,Shiv Sena,Parbhani,20,39,0.007551123039757868
SHRI JOYANTA BASUMATARY,Regional,Kokrajhar (ST),2,2,0.007533246089387816
JANARDAN SINGH SIGRIWAL,BJP,Maharajganj,11,11,0.007405155996541953
ASADUDDIN OWAISI,Regional,Hyderabad,19,36,0.007391852758610131
SMT. JYOTSNA CHARANDAS MAHANT,INC,Korba,4,4,0.007362143291447118
SHRI NEERAJ MAURYA,SP,Aonla,3,4,0.007356410388876239
DR. PRABHA MALLIKARJUN,INC,Davanagere,2,2,0.007346590536746652
VIRENDRA KUMAR,BJP,Tikamgarh (SC),12,12,0.007245670597174149
MANSUKHBHAI DHANJIBHAI VASAVA,BJP,Bharuch,16,24,0.007211627377708855
AJAY (TENI) MISRA,Regional,Puri,14,16,0.007131791253848278
SHRI SHASHANK MANI,BJP,Deoria,5,5,0.00710994600351077
SHRI MAHENDRA SINGH SOLANKY,BJP,Dewas (SC),2,2,0.007047537393413138
HARISH CHANDRA MEENA,BJP,Dausa (ST),9,9,0.006975591291383601
RITI PATHAK,BJP,Sidhi,18,29,0.0069291981737593595
SHRI KHAGEN MURMU,BJP,Maldaha Uttar,12,13,0.006901218623164263
SANTOSH KUMAR,JDU,Purnia,12,17,0.006790279862147059
GAUTHAM SIGAMANI PON,DMK,Kallakurichi,14,17,0.006729422232922253
SHRI SAUMITRA KHAN,BJP,Bishnupur (SC),3,3,0.00668645251396648
SHRI KESINENI SIVANATH,TDP,Vijayawada,2,4,0.006681464485235435
SHRI HANUMAN BENIWAL,Regional,Nagaur,2,3,0.006681464485235435
SHRI CHARANJIT SINGH CHANNI,INC,Jalandhar (SC),2,2,0.006681464485235435
DHARMENDRA YADAV,SP,Badaun,28,54,0.006679906177989985
KOTAGIRI SRIDHAR,YSRCP,Eluru,13,13,0.006632632105447965
RAGHU RAMAKRISHNA RAJU KANUMURU,YSRCP,Narasapuram,11,13,0.006553073097444721
SHRI ASHOK KUMAR RAWAT,BJP,Misrikh (SC),4,5,0.0065259012871666635
SOUGATA RAY,BJP,Bhind (SC),11,13,0.006442085857608838
DR. MOHAMMAD JAWED,INC,Kishanganj,4,4,0.006433337114129663
MAGUNTA SREENIVASULU REDDY,YSRCP,Ongole,17,20,0.006432075504265439
MEENAKASHI LEKHI,BJP,New Delhi,17,18,0.006414851927042456
SHRI SUKANTA KUMAR PANIGRAHI,BJP,Kandhamal,4,4,0.00636384041935718
SHRI JAGDAMBIKA PAL,BJP,Domariyaganj,11,11,0.006321841835375042
RAJESH RANJAN (PAPPU YADAV),RJD,Madhepura,15,17,0.006315386935520688
GOPAL CHINAYYA SHETTY,BJP,Mumbai North,13,13,0.006288290083111463
J.C. DIVAKAR REDDY,TDP,Anantapur,11,13,0.00628133505490429
RAVINDRA VISHWANATH GAIKWAD,Shiv Sena,Osmanabad,15,15,0.0062746251397876205
SMT. LOVELY ANAND,JDU,Sheohar,6,7,0.0062536646813464375
SHRI GOPAL JEE THAKUR,BJP,Darbhanga,5,5,0.00625094421114795
JUGAL KISHORE SHARMA,BJP,Jammu,15,26,0.0062416928912304714
SURESH KODIKUNNIL,INC,Mavelikara (SC),16,16,0.0062368130533192795
SHRI NALIN SOREN,Regional,Dumka (ST),10,10,0.006236423149606336
BHAIRON PRASAD MISHRA,BJP,Banda,10,10,0.006198054924927052
ADOOR PRAKASH,INC,Attingal,11,11,0.006136464851829261
KRISHNA PAL SINGH YADAV,BJP,Guna,13,22,0.006129449636528566
KURUVA GORANTLA MADHAV,YSRCP,Hindupur,13,15,0.005957136810701098
K. ASHOK KUMAR,BJP,Madhubani,17,17,0.00595329316461873
SAIKIA DILIP,BJP,Mangaldoi,7,14,0.0059366438309780955
SHRI MANISH JAISWAL,BJP,Hazaribagh,8,8,0.005912057597464535
GEORGE BAKER,BJP,Anglo-Indian Community,9,16,0.005883055922179735
SMT. SANJNA JATAV,INC,Bharatpur (SC),2,2,0.005848745388412686
SANGANNA AMARAPPA KARADI,BJP,Koppal,12,14,0.00582212876865506
MANNE SRINIVAS REDDY,Regional,Mahabubnagar,12,22,0.005769214963868232
DR. SANJAY JAISWAL,BJP,Paschim Champaran,10,10,0.005657973801122844
SMT. SHOBHANABEN MAHENDRASINH BARAIYA,BJP,Sabarkantha,10,11,0.0056260082164344615
SHRI PRADYUT BORDOLOI,INC,Nagaon,3,3,0.005621863170298396
SRINIVAS KESINENI,TDP,Vijayawada,12,12,0.005560963932200585
SHRI HARISH CHANDRA MEENA,INC,Tonk–Sawai Madhopur,3,3,0.005560505581535232
SADASHIV KISAN LOKHANDE,Shiv Sena,Shirdi (SC),14,18,0.005553770279250281
KINJARAPU RAM MOHAN NAIDU,TDP,Srikakulam,10,10,0.005532412023691358
DHANANJAY BHIMRAO MAHADIK,NCP,Kolhapur,16,47,0.005439466422122299
HARISHCHANDRA DEORAM CHAVAN,INC,Nanded,22,34,0.00542188557560261
CH. MALLA REDDY,TDP,Malkajgiri,13,16,0.0054209966649124385
SHRI DILESHWAR KAMAIT,JDU,Supaul,2,2,0.005405384987545583
E. T. MOHAMMED BASHEER,Regional,Ponnani,12,12,0.005358094720057178
NAGENDRA KUMAR PRADHAN,Regional,Sambalpur,12,12,0.005304181383968329
KANAKMAL KATARA,BJP,Banswara (ST),10,17,0.005244077253427922
DUSHYANT CHAUTALA,Regional,Hisar,14,14,0.005199611619210203
KIRRON KHER,BJP,Chandigarh,8,8,0.0051827305210384615
DR. SHRIKANT EKNATH SHINDE,Shiv Sena,Kalyan,10,24,0.005129133855303124
KRISHNAN NARAYANASAMY RAMACHANDRAN,INC,Vatakara,14,14,0.005114132546692908
KIRTI VARDHAN SINGH,BJP,Gonda,6,6,0.005025368851003711
SHRI ANURAG SHARMA,BJP,Jhansi,5,5,0.005006421371745626
DIPSINH SHANKARSINH RATHOD,BJP,Sabarkantha,13,13,0.005004144005323336
S.R. PARTHIBAN,DMK,Salem,9,9,0.004930380034441721
VINOD CHAVDA,BJP,Kachchh (SC),14,16,0.004928878301231048
KIRIT PREMJIBHAI SOLANKI,BJP,Ahmedabad West (SC),13,14,0.004927990340579863
KOTHA PRABHAKAR REDDY,Regional,Medak,14,20,0.0049138993224488794
SHRI ARVIND GANPAT SAWANT,Shiv Sena,Mumbai South,10,17,0.004883066124404902
VIJAY BAGHEL,BJP,Durg,6,6,0.004871259110760421
KUNWAR HARIBANSH SINGH,BJP,Bijnor,20,37,0.004850812029393096
PRATAPRAO JADHAV,Shiv Sena,Buldhana,16,19,0.0048355420529463
ABHISHEK SINGH,BJP,Rajnandgaon,9,9,0.004813000116788838
SAJDA AHMED,TMC,Uluberia,10,10,0.004785325768342783
ANTO ANTONY,INC,Pathanamthitta,14,14,0.004728190444291511
BEHANAN BENNY,INC,Chalakudy,15,19,0.0047278919015378085
SU THIRUNAVUKKARASAR,INC,Tiruchirappalli,9,10,0.004706967058325174
PRATAPRAO GANPATRAO JADHAV,Shiv Sena,Buldhana,14,19,0.004623457883147238
POONAMBEN HEMATBHAI MAADAM,BJP,Jamnagar,13,13,0.0046187184685175355
PRAHLAD SINGH PATEL,BJP,Damoh,14,15,0.004616350344932055
BHARATI DHIRUBHAI SHIYAL,BJP,Bhavnagar,10,13,0.004588950843928839
NARANBHAI BHIKHABHAI KACHHADIYA,BJP,Amreli,8,12,0.0045795771463764505
BALKA SUMAN,Regional,Peddapalle (SC),10,10,0.004532868281700638
SHRI RAHUL KASWAN,INC,Churu,3,3,0.00447813073299406
RAJAN BABURAO VICHARE,Shiv Sena,Thane,10,10,0.004468282975462956
SHRI APPALANAIDU KALISETTI,TDP,Vizianagaram,3,8,0.004461791699920192
SHRI THARANIVENTHAN M S,DMK,Arani,3,3,0.004461791699920192
SHRI DEVESH SHAKYA,SP,Etah,3,4,0.004461791699920192
SHRI MAGUNTA SREENIVASULU REDDY,TDP,Ongole,4,7,0.004459297685554669
ADV GOWAAL KAGADA PADAVI,INC,Nandurbar (ST),2,2,0.004459297685554669
MS. S JOTHIMANI,INC,Karur,2,2,0.004459297685554669
SHRI KISHORI LAL,INC,Amethi,2,2,0.004459297685554669
ADV. CHANDRA SHEKHAR,BJP,Chittorgarh,2,3,0.004459297685554669
SHRI ROBERT BRUCE C,INC,Tirunelveli,2,2,0.004459297685554669
OMPRAKASH BHUPALSINH ALIAS PAWAN RAJENIMBALKAR,Shiv Sena,Osmanabad,14,24,0.004383547748329886
JYOTIRMAY SINGH MAHATO,BJP,Purulia,7,7,0.0043765766763026875
T. R. PAARIVENDHAR,DMK,Perambalur,10,10,0.004340545378541538
(ADV.) JOICE GEORGE,Independent,Idukki,14,15,0.004296521615015437
BHARAT SINGH,BJP,Ballia,17,26,0.004269861514235442
VINCENT H PALA,INC,Shillong (ST),8,8,0.004256829411743308
"BAIJAYANT ""JAY"" PANDA",Regional,Kendrapara,11,11,0.004234149027113776
S.P. MUDDAHANUMEGOWDA,INC,Tumkur,13,13,0.004167193945023076
KHAGEN MURMU,BJP,Maldaha Uttar,13,15,0.004163379861872072
APARAJITA SARANGI,BJP,Bhubaneswar,6,6,0.004162271559114009
UDAY PRATAP SINGH,BJP,Hoshangabad,12,12,0.004156116598776079
POCHA BRAHMANANDA REDDY,YSRCP,Nandyal,13,15,0.004133510956965218
SMT. DELKAR KALABEN MOHANBHAI,BJP,Dadra and Nagar Haveli (ST),6,17,0.0041130652732990925
DR. KALYAN VAIJINATHRAO KALE,INC,Jalna,4,4,0.00410992111246794
RAMACHANDRAN MULLAPPALLY,INC,Vatakara,12,12,0.004046667587583264
DUSHYANT SINGH,BJP,Jhalawar–Baran,9,9,0.0040172010109918825
BALABHADRA MAJHI,Regional,Nabarangpur (ST),14,14,0.00401715702865786
RAJEEV SHANKARRAO SATAV,INC,Hingoli,15,35,0.004002185514337268
MUTHAMSETTI SRINIVASA RAO (AVNTHI),TDP,Anakapalli,7,9,0.0039858209055165334
RAJASHREE MALLICK,Regional,Jagatsinghpur (SC),4,4,0.003968750578313242
REKHA ARUN VERMA,BJP,Dhaurahra,13,14,0.003911765541259367
NINONG ERING,INC,Arunachal East,11,11,0.0038367458431942877
SUSHIL KUMAR SINGH,BJP,Aurangabad,10,10,0.003829439236067296
SHRI K C VENUGOPAL,INC,Alappuzha,3,3,0.0038219253644732453
HARIOM SINGH RATHORE,BJP,Rajsamand,10,10,0.0038072268173654803
GANESH SINGH,BJP,Satna,6,8,0.0037728069155275644
CHANDESHWAR PRASAD,JDU,Jahanabad,6,6,0.003743265929009885
SHRI DHARMENDRA YADAV,SP,Badaun,3,3,0.0037389474165243305
SHRI SUKHDEO BHAGAT,INC,Lohardaga (ST),3,3,0.0037176165766767974
K. MURALEEDHARAN,INC,Vatakara,10,13,0.003693657363710356
RANGASWAMY DHRUVANARAYANA,INC,Chamarajanagar (SC),13,15,0.0036527595644698777
SANJAY SADASHIVRAO MANDLIK,Shiv Sena,Kolhapur,18,30,0.0036524006724199037
SHRI Y S AVINASH REDDY,YSRCP,Kadapa,2,2,0.0036288425178838198
SHRI KARTI P CHIDAMBARAM,INC,Sivaganga,3,3,0.003624693938294243
VENKATESH NETHA BORLAKUNTA,Regional,Peddapalli (SC),13,20,0.003589893461487973
MS. BANSURI SWARAJ,BJP,New Delhi,4,4,0.0035800117384181757
ADVOCATE NARENDRA KESHAV SAWAIKAR,BJP,South Goa,8,8,0.0035552523450037726
SHRI TAPIR GAO,BJP,Arunachal East,5,5,0.0035446917020423296
SHRI LUMBARAM CHOUDHARY,BJP,Jalore,5,7,0.003535377474403389
RITA BAHUGUNA JOSHI,BJP,Allahabad,11,15,0.0035324212156643765
BHAGWANTH KHUBA,BJP,Bidar,11,11,0.0035032784755792998
B. SREERAMULU,BJP,Bellary (ST),15,21,0.003497267381762006
PASHUPATI NATH SINGH,BJP,Dhanbad,8,8,0.0034700701596353453
SHANKAR LALWANI,BJP,Indore,7,7,0.003460776150060716
YOGI ADITYANATH,BJP,Gorakhpur,9,10,0.0034351997283443877
M. B. RAJESH,Left,Palakkad,12,14,0.0034090837217374266
SHRI JANARDAN SINGH SIGRIWAL,BJP,Maharajganj,4,4,0.003405025127822113
SHRI UJJWAL RAMAN SINGH,INC,Allahabad,2,2,0.003369643537375434
SONA RAM CHOUDHARY,BJP,Ranchi,7,7,0.0033534076398849017
D.K. SURESH,INC,Bangalore Rural,7,15,0.00334546738595585
V. KALANIDHI,DMK,Chennai North,6,6,0.003314054568030142
RANJEETA KOLI,BJP,Bharatpur (SC),16,25,0.003252727177978831
RAM CHARITRA,BJP,Machhlishahr (SC),9,10,0.0032466219321855487
SHOBHA KARANDLAJE,BJP,Udupi Chikmagalur,8,18,0.0032194926354010543
B.V. NAYAK,INC,Raichur (ST),11,11,0.0032124314240673346
RAHUL KASWAN,INC,Churu,10,10,0.00319211165928412
A. GANESHAMURTHI,DMK,Erode,8,8,0.003188354570672682
SHRI VIJAYAKUMAR ALIAS VIJAY VASANTH,INC,Kanniyakumari,4,11,0.0031462323147279253
SHRI BIDYUT BARAN MAHATO,BJP,Jamshedpur,8,10,0.0031352512869933557
ARUN SAO,BJP,Bilaspur,8,11,0.0031122078855580844
A.K.P. CHINRAJ,DMK,Namakkal,6,6,0.003088666341530769
GEETHA KOTHAPALLI,YSRCP,Araku (ST),12,14,0.0030794703719503494
SANKAR PRASAD DATTA,Left,Tripura West,7,7,0.0030765967624464116
JAYADEV GALLA,TDP,Guntur,11,11,0.003030246589526449
BADRUDDIN AJMAL,Regional,Dhubri,5,5,0.0030135163086184268
SHIVAJI ADHALRAO PATIL,INC,Latur (SC),21,40,0.002995025907979608
BANSHILAL MAHTO,BJP,Korba,11,12,0.0029804304882079216
RAJENDRA DHEDYA GAVIT,Shiv Sena,Palghar (ST),10,11,0.0029670022503828007
SHRI ALOK SHARMA,BJP,Bhopal,6,7,0.002946826162137639
PRITAM GOPINATH MUNDE,BJP,Beed,22,49,0.00293891001617361
S. RAMALINGAM,DMK,Mayiladuthurai,6,6,0.002927826117891001
DILESHWAR KAMAIT,JDU,Supaul,9,11,0.0029082717265656016
SHRI SATISH KUMAR GAUTAM,BJP,Aligarh,5,6,0.0029011313158110704
KULDEEP RAI SHARMA,INC,Andaman and Nicobar Islands,10,11,0.00289459871686936
KESHARI DEVI PATEL,BJP,Phulpur,6,13,0.0028868892641009014
PRATAPRAO GOVINDRAO PATIL CHIKHALIKAR,BJP,Nanded,5,5,0.002880756969407287
DR. HEMANG JOSHI,BJP,Vadodara,6,6,0.0028767950104524654
KRIPANATH MALLAH,BJP,Karimganj (SC),4,4,0.002871815908946401
MAHEISH GIRRI,BJP,East Delhi,5,5,0.0028426573225695116
MAHABALI SINGH,JDU,Karakat,9,10,0.0028416838460947466
N.K. PREMACHANDRAN,Regional,Kollam,15,18,0.002840392255029608
MARGANI BHARAT,YSRCP,Rajahmundry,7,7,0.002836590492199154
SUNIL DATTATRAY TATKARE,NCP,Raigad,11,15,0.002824651734003615
ANIL FIROJIYA,BJP,Ujjain (SC),5,9,0.002821672615207968
K. C. VENUGOPAL,INC,Alappuzha,10,10,0.0028131831997753633
B. S. YEDDYURAPPA,BJP,Shimoga,7,7,0.0027868926075942215
SHRI SURESH KUMAR KASHYAP,BJP,Shimla (SC),6,6,0.002775192869749583
KUNWAR DANISH ALI,INC,Amroha,4,4,0.002728931165149807
VIJAY KUMAR HANSDAK,Regional,Rajmahal (ST),14,17,0.0026535522319499107
CHANDRAKANT BHAURAO KHAIRE,Shiv Sena,Aurangabad,10,12,0.0026529393425066645
SAUGATA ROY,TMC,Dum Dum,12,14,0.002646063271779762
NANABHAU FALGUNRAO PATOLE,BJP,Bhandara–Gondiya,8,8,0.0026440485934636116
REBATI TRIPURA,BJP,Tripura East (ST),11,14,0.002641010903323123
SHRI ANTO ANTONY,INC,Pathanamthitta,3,3,0.0026270662531137396
PRATHAP SIMHA,BJP,Mysore,12,25,0.002607772048508539
TAPIR GAO,BJP,Arunachal East,5,5,0.002591885826580161
KULAMANI SAMAL,Regional,Jagatsinghpur (SC),5,5,0.002574049258987233
GOKARAJU GANGA RAJU,BJP,Narasapuram,8,8,0.00257029474925223
SUMALATHA AMBAREESH,BJP,Mandya,6,16,0.0025681583612266754
VINOD KUMAR SONKAR,BJP,Kaushambi (SC),16,32,0.0025628067687665066
LAXMAN GILUWA,BJP,Singhbhum (ST),17,27,0.0025600498028336325
SHASHI THAROOR,INC,Thiruvananthapuram,8,8,0.002550333479641706
HANUMAN BENIWAL,Regional,Nagaur,4,4,0.0025347785576850758
DR. RAJESH MISHRA,BJP,Sidhi,10,10,0.0025126675734721
NIHAL CHAND CHAUHAN,BJP,Ganganagar (SC),11,17,0.0025066734951663832
ADV DEAN KURIAKOSE,INC,Idukki,3,3,0.002490651404882251
SHRI KAUSHALENDRA KUMAR,JDU,Nalanda,6,7,0.002473283318572814
PARVESH SAHIB SINGH,BJP,West Delhi,8,8,0.0024721013226126055
SHRI SATPAL BRAHAMCHARI,INC,Sonipat,5,5,0.002469342854917781
KIRIT SOMAIYA,BJP,Mumbai North East,6,6,0.002460893053139509
SANJAY SETH,BJP,Ranchi,6,7,0.002447051186221331
ADHIR RANJAN CHOWDHURY,INC,Baharampur,8,8,0.002446813345790226
RAM TAHAL CHOUDHARY,BJP,Ranchi,17,37,0.0024353919749487596
SHYAM YADAV SINGH,BSP,Jaunpur,3,3,0.0024344140204560017
SHRI ASHISH DUBEY,BJP,Jabalpur,3,3,0.002432218690125448
SHRI GYANESHWAR PATIL,BJP,Khandwa,6,12,0.0024301139351672473
SHRI EATALA RAJENDER,BJP,Malkajgiri,5,11,0.002428457416486148
PRALHAD VENKATESH JOSHI,BJP,Dharwad,9,9,0.0024178048800425093
PRATIMA MONDAL,TMC,Jaynagar (SC),5,7,0.002413643507834331
D. M. KATHIR ANAND,DMK,Vellore,6,6,0.0024127773172390866
SHRI CHAVDA VINOD LAKHAMSHI,BJP,Kachchh (SC),6,6,0.0023897618561765726
SMT. D K ARUNA,BJP,Mahbubnagar,5,12,0.002374715600972585
SRIRAM MALYADRI,TDP,Bapatla (SC),3,3,0.0023667275827020987
SUKANTA MAJUMDAR,BJP,Balurghat,13,26,0.002360390614433934
SHRI KALI CHARAN SINGH,INC,Khunti (ST),5,6,0.0023566774560316835
SHRI DINESH CHANDRA YADAV,JDU,Madhepura,5,7,0.00235631010748376
SHRI DARSHAN SINGH CHOUDHARY,BJP,Hoshangabad,4,4,0.0023544131246051045
ANANDRAO ADSUL,Shiv Sena,Amravati (SC),21,45,0.0023464004060005845
LAXMI NARAYAN YADAV,BJP,Sagar,17,32,0.002327951497292097
SANTOKH SINGH CHAUDHARY,INC,Jalandhar,3,3,0.0023166346229423498
RAJESHBHAI NARANBHAI CHUDASAMA,BJP,Junagadh,6,6,0.0023147329152783374
SHRI BAJRANG MANOHAR SONWANE,NCP,Beed,3,3,0.002309362911634699
RAM PRASAD SARMAH,SP,Basti,3,3,0.0022963439644874987
DURGA DAS UIKEY,BJP,Betul (ST),4,5,0.0022858027800398448
DR. LATA WANKHEDE,BJP,Sagar,5,7,0.0022840592835795225
SHRI K RADHAKRISHNAN,Left,Alathur (SC),3,4,0.0022816883253086373
SHRI MITESHBHAI RAMESHBHAI PATEL,BJP,Anand,3,3,0.002265289130507459
ASHOK KUMAR RAWAT,BJP,Misrikh (SC),4,4,0.0022533441574425868
TAMRADHWAJ SAHU,INC,Durg,3,3,0.0022421816311361596
DEAN KURIAKOSE,INC,Idukki,7,7,0.0022397997784048954
SHRI SELVAM G,DMK,Kancheepuram (SC),5,17,0.002232142857142857
SHRI MANICKAM TAGORE B,INC,Virudhunagar,4,11,0.002232142857142857
UNMESH BHAIYYASAHEB PATIL,BJP,Jalgaon,10,27,0.002232142857142857
DR. JAYANTA KUMAR ROY,BJP,Jalpaiguri (SC),2,2,0.002232142857142857
NUSRAT JAHAN RUHI,TMC,Basirhat,2,2,0.002232142857142857
SHRI AJAY BHATT,BJP,Nainital–Udhamsingh Nagar,2,2,0.002232142857142857
SHRI BRIJENDRA SINGH OLA,INC,Jhunjhunu,2,2,0.002232142857142857
SHRI CHHOTELAL,SP,Robertsganj (SC),2,2,0.002232142857142857
SHRI DULU MAHATO,BJP,Dhanbad,2,2,0.002232142857142857
SHRI E T MOHAMMED BASHEER,Regional,Ponnani,2,2,0.002232142857142857
SHRI K GOPINATH,INC,Krishnagiri,2,2,0.002232142857142857
SHRI KRIPANATH MALLAH,BJP,Karimganj (SC),2,2,0.002232142857142857
SHRI M K RAGHAVAN,INC,Kozhikode,2,2,0.002232142857142857
SHRI MANISH TEWARI,INC,Anandpur Sahib,2,2,0.002232142857142857
SHRI S VENKATESAN,Left,Madurai,2,2,0.002232142857142857
SMT. KANIMOZHI KARUNANIDHI,DMK,Thoothukkudi,2,2,0.002232142857142857
VIVEK NARAYAN SHEJWALKAR,BJP,Gwalior,2,2,0.002232142857142857
SHRI BAPI HALDAR,TMC,Mathurapur (SC),2,2,0.002232142857142857
HARI BABU KAMBHAMPATI,BJP,Visakhapatnam,9,9,0.0021999552070196215
JUAL ORAM,BJP,Sundargarh (ST),4,4,0.002168071948851006
RAYAPATI SAMBASIVA RAO,TDP,Narasaraopet,13,14,0.002140359004602558
HARISH DWIVEDI,BJP,Basti,9,9,0.0021386326206216198
SHRI HIBI EDEN,INC,Ernakulam,2,2,0.0021323558843346115
ANNASAHEB SHANKAR JOLLE,BJP,Chikkodi,8,9,0.0021285995813397217
SHRI KANWAR SINGH TANWAR,BJP,Amroha,6,6,0.0020978338036208026
NAYAB SINGH,BJP,Kurukshetra,6,10,0.0020963350565344533
QUEEN OJA,BJP,Gauhati,5,5,0.0020788831821284158
SANJAY(KAKA) RAMCHANDRA PATIL,BJP,Sangli,10,11,0.0020644444523468947
RAVINDRA KUMAR PANDEY,BJP,Giridih,10,13,0.002053888054686616
CHINTA ANURADHA,YSRCP,Amalapuram (SC),14,16,0.0020228848366591647
KHAN SAUMITRA,BJP,Bishnupur (SC),2,2,0.002022795138945833
RAMSINH PATALYABHAI RATHWA,BJP,Chhota Udaipur (ST),9,9,0.001971699224759794
SUSHMITA DEV,INC,Silchar,12,18,0.001959579797238487
RABINDRA KUMAR JENA,Regional,Balasore,10,10,0.0019588048746703103
SUNIL BABURAO MENDHE,BJP,Bhandara–Gondiya,4,4,0.0019202309359081101
SHRI BUNTY VIVEK SAHU,BJP,Bilaspur,5,5,0.001898770500796542
L.S. TEJASVI SURYA,BJP,Bangalore South,8,12,0.0018739862227683689
DAYAKAR PASUNOORI,Regional,Warangal (SC),8,13,0.001870754575510415
SANGEETA KUMARI SINGH DEO,BJP,Bolangir,10,20,0.001850013321537516
LAVU SRI KRISHNA DEVARAYALU,YSRCP,Narasaraopet,10,15,0.0018417823482548374
VIJAY KUMAR S.R.,BJP,Kushinagar,21,30,0.0018285430896387855
KAUSHAL KISHORE,BJP,Mohanlalganj (SC),6,9,0.0018099589107276894
BOORA NARSAIAH GOUD,Regional,Bhongir,5,5,0.0018007366901514714
SHRI CHANDAN CHAUHAN,Regional,Bijnor,2,2,0.0017726506026031128
SUKHBIR SINGH JAUNAPURIA,BJP,Tonk–Sawai Madhopur,7,7,0.0017640988989689518
SANTOSH AHLAWAT,BJP,Jhunjhunu,14,22,0.001760297261532323
SHRI ANANTA NAYAK,BJP,Keonjhar (ST),4,4,0.001752764628350735
SANJEEV KUMAR SINGARI,BJP,Muzaffarnagar,8,10,0.001744401909235458
CHANDRA SEKHAR BELLANA,YSRCP,Vizianagaram,14,17,0.0017195185478047618
G. HARI,BJP,Gaya (SC),10,10,0.0017177514273009182
MALLIKARJUN KHARGE,INC,Gulbarga (SC),5,5,0.0016713678787787533
SARMISTHA SETHI,Regional,Jajpur (SC),3,3,0.001664595842314866
PRASUN BANERJEE,TMC,Howrah,6,6,0.001663321190940267
RAMYA HARIDAS,INC,Alathur (SC),2,2,0.0016478015865729067
M. SELVARAJ,Left,Nagapattinam (SC),9,11,0.0016425291001155229
SHRI MUKESH RAJPUT,BJP,Farrukhabad,4,4,0.0016232456319843255
GODDETI MADHAVI,YSRCP,Araku (ST),11,12,0.0016133072002515049
ARJUN RAM MEGHWAL,BJP,Bikaner (SC),9,9,0.0016122816149468056
VELLALATH KOCHUKRISHNAN NAIR. SREEKANDAN,INC,Palakkad,6,6,0.0016117708005302825
ARJUNLAL MEENA,BJP,Dausa (ST),8,8,0.001607329447224887
M V V SATYANARAYANA,YSRCP,Visakhapatnam,9,10,0.001570095880705103
GAJENDRA SINGH PATEL,BJP,Khargone (ST),5,6,0.0015695778008774865
GANESAN SELVAM,DMK,Kancheepuram (SC),13,25,0.0015591731914167612
RAM KRIPAL YADAV,BJP,Pataliputra,5,5,0.0015575078430941688
KRISHNA RAJ,BJP,Shahjahanpur (SC),4,4,0.001548384093659272
PANKAJ CHOWDHARY,BJP,Maharajganj,9,9,0.001546973775985232
SUBHASH RAMRAO BHAMRE,BJP,Dhule,12,17,0.0015086139829335965
CHANDRA SEKHAR SAHU,Regional,Berhampur,12,34,0.0014894401906284452
RAKESH SINGH,BJP,Jabalpur,7,7,0.0014838457469594345
K. GOPAL,BJP,Mumbai North,7,7,0.0014635029524918402
JAYANTA KUMAR ROY,BJP,Jalpaiguri (SC),10,15,0.0014598444255356996
ANIL SHIROLE,BJP,Pune,7,8,0.001442376568383063
P.R. NATARAJAN,Left,Coimbatore,4,4,0.0014355096126757866
UMESH G. JADHAV,Shiv Sena,Buldhana,9,11,0.0014079481420730864
DARSHANA VIKRAM JARDOSH,BJP,Surat,3,3,0.0014043493206434502
PRADEEP KUMAR SINGH,BJP,Araria,5,5,0.0014027332641038674
SHRI PRATAP CHANDRA SARANGI,BJP,Balasore,6,10,0.00140072581642261
CHANDU LAL SAHU,BJP,Mahasamund,5,5,0.0013694193054119006
LAKHAN LAL SAHU,BJP,Bilaspur,7,7,0.0013616888355982499
ANOOP MISHRA,BJP,Morena,7,7,0.0013562755019410498
KAPIL MORESHWAR PATIL,BJP,Bhiwandi,8,10,0.0013522729529623842
PRADYUT BORDOLOI,INC,Nowgong,4,4,0.0013438113488405828
SHRI CHANDRA PRAKASH JOSHI,BJP,Chittorgarh,6,7,0.0013301323234245891
GEETHA VISWANATH VANGA,YSRCP,Kakinada,8,13,0.00131309568790696
SHRI SHRIRANG APPA CHANDU BARNE,Shiv Sena,Maval,9,19,0.0013068056217532726
ADALA PRABHAKARA REDDY,YSRCP,Nellore,9,11,0.0013043489756448567
RAJIV RANJAN (LALAN) SINGH,BJP,Saran,10,19,0.0012985707816768857
PARESH RAWAL,BJP,Ahmedabad East,10,12,0.0012675087348414894
RAJIV PRATAP RUDY,BJP,Saran,7,7,0.0012578301619153704
R.K. SINGH PATEL,BJP,Banda,3,3,0.001251217633380496
SHRI SELVAGANAPATHI T.M.,DMK,Salem,2,2,0.0012504320259552266
VASANTHI M.,INC,Kanniyakumari,6,6,0.0012334625843248104
A.T. (NANA) PATIL,BJP,Jalgaon,6,6,0.0012203045340738747
SULTAN AHMED,TMC,Uluberia,8,9,0.0012165297389586218
SUBRATA PATHAK,BJP,Sidhi,13,18,0.0012150808540551292
DHAL SINGH BISEN,BJP,Balaghat,5,6,0.001214819698621631
SUBHASH PATEL,BJP,Khargone (ST),4,4,0.001208287081346381
SHRI DAMODAR AGRAWAL,BJP,Raipur,7,7,0.0011980073843771172
T.R.V.S. RAMESH,BJP,Anakapalli,6,6,0.0011917513082584834
RADHESHYAM BISWAS,Regional,Karimganj (SC),4,4,0.001168525565706448
KIRTI (JHA) AZAD,BJP,Darbhanga,7,9,0.0011561432388922795
RAMESH POKHRIYAL NISHANK,BJP,Anakapalli,9,12,0.0011481238239938428
THALIKKOTTAI RAJUTHEVAR BAALU,DMK,Sriperumbudur,4,4,0.0011476266316998043
RAVINDRA KUMAR RAY,BJP,Kodarma,9,10,0.0011460039912804451
PONGULETI SRINIVASA REDDY,YSRCP,Khammam,9,9,0.0010842221353804813
SHRI T R BAALU,DMK,Sriperumbudur,2,2,0.0010696305960238258
ASHWINI KUMAR,BJP,Buxar,8,8,0.0010606188604406466
RAM KUMAR SHARMA KUSHWAHA,Regional,Purnia,5,6,0.001054422018337587
DEVUSINH JESINGBHAI CHAUHAN,BJP,Kheda,8,9,0.0010499720967159564
RAJMOHAN UNNITHAN,INC,Kasaragod,5,5,0.0010443477421934416
OM PRAKASH YADAV,BJP,Siwan,8,9,0.0010397710013810755
SHRI SANJAY UTTAMRAO DESHMUKH,Shiv Sena,Yavatmal–Washim,6,7,0.0010270800085242283
VIJAYAKUMAR (ALIAS) VIJAY VASANTH,INC,Kanniyakumari,6,8,0.0010269207662497218
PREM DAS RAI,Regional,Sikkim,7,8,0.0010096457453340102
DR. T. SUMATHY (A) THAMIZHACHI THANGAPANDIAN,DMK,Chennai South,5,5,9.913652449600038e-4
HARI MANJHI,BJP,Gaya (SC),6,6,9.780169615037659e-4
RAGHAV LAKHANPAL,BJP,Saharanpur,6,6,9.735760675458089e-4
T.G. VENKATESH BABU,Regional,Peddapalli (SC),6,6,9.697991413839107e-4
SHRI ANUP SANJAY DHOTRE,Regional,Akola,3,3,9.548353792168637e-4
(SMT.) RATNA DE(NAG),TMC,Hooghly,9,15,9.472359368809501e-4
SUJAY RADHAKRISHNA VIKHEPATIL,BJP,Ahmednagar,14,34,9.359211907405479e-4
C. N. JAYADEVAN,Left,Thrissur,6,6,9.246143221062972e-4
MOHANBHAI KALYANJI KUNDARIYA,BJP,Rajkot,6,9,9.220398264090347e-4
MEKAPATI RAJAMOHAN REDDY,YSRCP,Nellore,6,6,9.093054811359017e-4
KAMAL NATH,INC,Chhindwara,10,18,9.093030290667388e-4
APARUPA PODDAR,TMC,Arambagh (SC),5,5,8.995811992989573e-4
NAGARAJAN P.,Left,Coimbatore,7,7,8.92614194936154e-4
JAY PRAKASH NARAYAN YADAV,RJD,Banka,6,6,8.894928357462639e-4
GIRIDHARI YADAV,JDU,Banka,7,12,8.883361407739693e-4
DEVENDRA (ALIAS) BHOLE SINGH SINGH,BJP,Akbarpur,7,7,8.777097940860728e-4
DEVAJIBHAI GOVINDBHAI FATEPARA,BJP,Surendranagar,8,8,8.769939887357116e-4
SHRI DEVUSINH CHAUHAN,BJP,Kheda,4,4,8.695818915264978e-4
DINESH TRIVEDI,TMC,Barrackpore,7,7,8.668044157297987e-4
NAMA NAGESWARA RAO,Regional,Khammam,5,5,8.653916844047349e-4
ANURAG SHARMA,BJP,Jhansi,9,11,8.653461124475203e-4
SATYA PAL SINGH,BJP,Baghpat,10,17,8.581211851625473e-4
KANWAR SINGH TANWAR,BJP,Amroha,7,7,8.549890471274419e-4
RATTAN LAL KATARIA,BJP,Ambala (SC),6,6,8.513214922519837e-4
RAJESH KUMAR DIWAKAR,BJP,Hathras (SC),6,6,8.445321452560627e-4
SHRI GOVIND MAKTHAPPA KARJOL,BJP,Chitradurga (SC),2,2,8.415760868000495e-4
SHRI CAPTAIN BRIJESH CHOWTA,BJP,Dakshina Kannada,3,3,8.380509691407667e-4
SHRI ARUN BHARTI,Regional,Jamui (SC),3,5,8.378416237121134e-4
KANI K. NAVAS,Regional,Ramanathapuram,5,9,8.345979079691148e-4
SHRI MUKESHKUMAR CHANDRAKAANT DALAL,BJP,Surat,6,7,8.289237202224132e-4
RAMAPATI RAM TRIPATHI,BJP,Deoria,8,9,8.152243293729604e-4
KUNWAR PUSHPENDRA SINGH CHANDEL,BJP,Hamirpur,8,9,0.00081395658637195415
MOHANBHAI KALYANJIBHAI KUNDARIYA,BJP,Rajkot,4,4,7.965398779486707e-4
RAJU ALIAS DEVAPPA ANNA SHETTI,Regional,Hatkanangle,6,6,7.868497946334772e-4
P. KARUNAKARAN,Left,Kasaragod,6,6,7.814791880465634e-4
VEENA DEVI,Regional,Munger,6,7,7.789847098376922e-4
SHRI RODMAL NAGAR,BJP,Rajgarh,4,5,7.749346124745033e-4
NEELAM SONKER,BJP,Lalganj (SC),9,9,7.721117457957652e-4
C.N. ANNADURAI,DMK,Tiruvannamalai,16,34,7.71999148646847e-4
S. MUNISWAMY,BJP,Kolar (SC),6,6,7.636362334733544e-4
SHRI MAHESH KASHYAP,BJP,Bastar (ST),6,6,7.613696938264956e-4
SUKHBIR SINGH JAUNPURIA,BJP,Tonk–Sawai Madhopur,7,8,7.567960698930867e-4
ANIRUDHAN SAMPATH,Left,Attingal,7,7,7.52479401701905e-4
HARINDER SINGH KHALSA,AAP,Fatehgarh Sahib (SC),2,2,7.521203127890613e-4
DR. KIRSAN NAMDEO,INC,Gadchiroli–Chimur (ST),3,3,7.418845481245718e-4
SATYADEV PACHAURI,BJP,Kanpur,6,7,7.370147641884991e-4
P. C. MOHAN,BJP,Bangalore Central,5,5,7.330674645756424e-4
SANDHYA RAY,BJP,Bhind (SC),5,5,7.300284660249469e-4
S. JOTHIMANI,INC,Karur,4,4,7.177500870186421e-4
RAJESH VERMA,BJP,Sitapur,6,6,7.167752714093191e-4
RANJEET RANJAN,INC,Supaul,6,8,7.027963998653707e-4
JANARDAN MISHRA,BJP,Rewa,6,12,6.950848690639006e-4
SAKSHI SWAMI MAHARAJ,BJP,Unnao,5,5,6.931909306034587e-4
DR. VINOD KUMAR BIND,BJP,Bhadohi,4,8,6.917977037997783e-4
SHRI VISHNU DAYAL RAM,BJP,Palamau (SC),3,3,6.910855356580101e-4
HUKUM SINGH,BJP,Kairana,5,5,6.89581214942809e-4
THOKCHOM MEINYA,INC,Inner Manipur,4,4,6.848642688855853e-4
CHIRAG PASWAN,Regional,Jamui (SC),5,5,6.807134035727875e-4
CHANDRAKANT RAGHUNATH PATIL,Shiv Sena,Aurangabad,6,6,6.731411175484617e-4
FAGGAN SINGH KULASTE,BJP,Mandla (ST),6,6,6.637948215120071e-4
IMTIAZ JALEEL SYED,Regional,Aurangabad,6,22,6.634309906549335e-4
PRATAP CHANDRA SARANGI,BJP,Balasore,7,7,6.600923200970265e-4
A.P. JITHENDER REDDY,Regional,Mahbubnagar,5,5,6.597629829826945e-4
GADDAM RANJITH REDDY,INC,Peddapalle (SC),8,17,6.589225791741356e-4
SANGHAMITRA MAURYA,BJP,Badaun,5,5,6.532345807265419e-4
BODH SINGH BHAGAT,BJP,Balaghat,4,5,6.517515451510476e-4
KALABEN MOHANBHAI DELKAR,BJP,Dadra and Nagar Haveli (ST),8,15,6.509611396646402e-4
SHRI OMPRAKASH BHUPALSINH ALIAS PAVAN RAJENIMBALKAR,Shiv Sena,Osmanabad,7,14,6.423909120855548e-4
SHRI ANURAG SINGH THAKUR,BJP,Hamirpur,3,3,6.36581399405941e-4
ARVIND KUMAR SHARMA,BJP,Rohtak,4,4,6.363582410908673e-4
SHRI DHAIRYASHEEL SAMBHAJIRAO MANE,Shiv Sena,Hatkanangle,3,9,6.320097126536665e-4
DEVJI MANSINGRAM PATEL,BJP,Jalore,6,7,6.226212532953942e-4
B.N. CHANDRAPPA,INC,Chitradurga (SC),5,5,6.225869169801471e-4
RAMCHARAN BOHARA,BJP,Jaipur,6,6,6.189122514410516e-4
RITA TARAI,Regional,Jajpur (SC),6,6,6.165314513585258e-4
SANGAMLAL KADEDIN GUPTA,BJP,Mandsour,8,11,6.163059761147836e-4
JYOTSNA CHARANDAS MAHANT,INC,Korba,2,2,6.089749641176692e-4
MANJULATA MANDAL,Regional,Bhadrak (SC),8,17,6.057880488140423e-4
RAJBAHADUR SINGH,BJP,Sagar,6,6,6.045833491402552e-4
RANJANBEN DHANANJAY BHATT,BJP,Vadodara,2,2,5.999597530722016e-4
BALUBHAU (ALIAS SURESH NARAYAN) DHANORKAR,INC,Chandrapur,6,10,5.963877247337e-4
VIJAY KUMAR DUBEY,BJP,Kushinagar,7,11,5.76607318208512e-4
DIYA KUMARI,BJP,Rajsamand,4,4,5.765507399145989e-4
CHINTAMAN NAVSHA WANAGA,BJP,Palghar (ST),4,4,5.697946973957627e-4
ABHIJIT MUKHERJEE,INC,Jangipur,5,5,5.677603242064337e-4
T. RADHAKRISHNAN,Regional,Puducherry,17,30,5.608631689468318e-4
HARI OM PANDEY,BJP,Ambedkar Nagar,10,16,5.607894826164688e-4
DINESH CHANDRA YADAV,JDU,Madhepura,8,11,5.441774963154679e-4
MADDILA GURUMOORTHY,YSRCP,Tirupati (SC),6,6,5.43632072128214e-4
SHRI PARSHOTTAMBHAI RUPALA,BJP,Rajkot,4,4,5.425321781141342e-4
UTTAM KUMAR NALAMADA REDDY,INC,Nalgonda,4,4,5.425188885987194e-4
NITYANAND RAI,BJP,Ujiarpur,5,5,5.340325336571494e-4
A. CHELLAKUMAR,INC,Krishnagiri,7,9,5.294904845929774e-4
RAMCHARAN BOHRA,BJP,Jaipur,5,5,5.292789926881274e-4
DHARMENDRA KUMAR KASHYAP,BJP,Aonla,4,4,5.290459757847697e-4
PONNUSAMY VENUGOPAL,INC,Alappuzha,6,6,5.067659688540946e-4
GAJENDRA SINGH SHEKHAWAT,BJP,Jodhpur,5,5,5.018168561623931e-4
ABDUL MAJEED ARIFF,Left,Alappuzha,5,5,4.972043085783339e-4
SHRI RAVINDRA DATTARAM WAIKAR,Shiv Sena,Mumbai North West,9,21,4.918818462064669e-4
DALPAT SINGH PARASTE,BJP,Shahdol (ST),6,6,4.838970584727599e-4
KONDA VISHWESHWAR REDDY,Regional,Chevella,5,5,4.8199308329254686e-4
ACHYUTANANDA SAMANTA,Regional,Kandhamal,2,2,4.807643748315372e-4
SAMBHAJIRAO MANE DHAIRYASHEEL,Shiv Sena,Hatkanangle,15,29,4.803611090152754e-4
CHUNNI LAL SAHU,BJP,Mahasamund,3,3,4.749244327843265e-4
BRIJENDRA SINGH,BJP,Hisar,2,2,4.731707861016508e-4
KUMBAKUDI SUDHAKARAN,INC,Kannur,5,6,4.7114738549113125e-4
CHHEDI PASWAN,BJP,Sasaram (SC),5,5,4.622350075037197e-4
SAPTAGIRI SANKAR ULAKA,INC,Koraput (ST),3,3,4.5922096272413407e-4
RAJA AMARESHWARA NAIK,BJP,Raichur (ST),5,5,4.5877469410610946e-4
VISHNU DUTT SHARMA,BJP,Raigarh (ST),4,5,4.5004196329118416e-4
VIJAY KUMAR,BJP,Kushinagar,4,4,4.490411584014858e-4
GOWDAR MALLIKARJUNAPPA SIDDESHWARA,BJP,Davanagere,5,5,4.4394157387410546e-4
RAMESH CHANDRA MAJHI,Regional,Nabarangpur (ST),4,4,4.404753154558366e-4
KOMATI REDDY VENKAT REDDY,TDP,Ongole,7,15,4.363765120418135e-4
T.N. PRATHAPAN,INC,Thrissur,3,3,4.327846808647886e-4
BEESETTI VENKATA SATYAVATHI,YSRCP,Anakapalli,8,8,4.299807485420032e-4
MANSHANKAR NINAMA,BJP,Banswara (ST),8,14,4.2493236196015287e-4
KANIMOZHI KARUNANIDHI,DMK,Thoothukkudi,4,4,4.2426013230051796e-4
CHINTAMANI MALVIYA,BJP,Ujjain (SC),5,6,4.2165912834787905e-4
K. SHANMUGA SUNDARAM,DMK,Pollachi,4,6,4.18300246578135e-4
ANURAG SINGH THAKUR,BJP,Hamirpur,5,5,4.154172025063664e-4
SUNIL KUMAR PINTU,JDU,Sitamarhi,6,9,4.1460848378997527e-4
GOPAL JEE THAKUR,BJP,Darbhanga,3,3,4.0890883917467613e-4
MAHENDRA SINGH SOLANKY,BJP,Surendranagar,4,4,4.0514542826172967e-4
KISHAN KAPOOR,BJP,Kangra,2,2,4.0292267693671025e-4
JOSE K. MANI,Regional,Kottayam,4,4,4.0283278749355755e-4
ADV. ADOOR PRAKASH,INC,Attingal,2,2,3.868807602347106e-4
SHRI TEJASVI SURYA,BJP,Bangalore South,3,3,3.844268628474036e-4
SHIVKUMAR CHANABASAPPA UDASI,BJP,Haveri,5,5,3.8223360038291797e-4
KONAKALLA NARAYANA RAO,TDP,Machilipatnam,6,7,3.7939989334449803e-4
HEMAMALINI,BJP,Mathura,4,4,3.7548579846713497e-4
DHARAMBIR SINGH,BJP,Bhiwani–Mahendragarh,3,3,3.666381621873817e-4
DURGA PRASAD RAO BALLI,YSRCP,Tirupati (SC),4,4,3.6360376512839163e-4
D. RAVIKUMAR,DMK,Viluppuram (SC),3,3,3.633906616946638e-4
AMAR SINGH,INC,Fatehgarh Sahib (SC),4,5,3.631233041315411e-4
PARVATAGOUDA CHANDANAGOUDA GADDIGOUDAR,BJP,Bagalkot,3,3,3.5744166949015554e-4
M. I. SHANAVAS,INC,Wayanad,5,6,3.5560755771519334e-4
AMOL RAMSING KOLHE,NCP,Shirur,9,14,3.54368180902808e-4
DEVENDRAPPA Y,BJP,Bellary (ST),3,3,3.481187717796669e-4
SHIROMANI RAM,SP,Shravasti,3,3,3.422497245908182e-4
ANANT KUMAR DATTATREYA HEGDE,BJP,Uttara Kannada,4,4,3.335319870009926e-4
GEETA KORA,BJP,Singhbhum (ST),8,10,3.297877815530157e-4
UPENDRA SINGH RAWAT,BJP,Barabanki (SC),4,7,3.250908922238896e-4
ANSHUL VERMA,BJP,Hardoi (SC),3,3,3.240299998595115e-4
GIRISH BHALCHANDRA BAPAT,BJP,Pune,9,21,3.2023809648077224e-4
THOMAS CHAZHIKADAN,Regional,Kottayam,3,3,3.180287159401419e-4
"TEJPRATAP SINGH,YADAV",SP,Mainpuri,7,11,3.061573379068871e-4
RAJKUMAR CHAHAR,BJP,Fatehpur Sikri,2,2,3.043003594905935e-4
ANNPURNA DEVI,BJP,Koderma,5,7,2.9372049686794195e-4
SAKUNTALA LAGURI,Regional,Keonjhar (ST),5,7,2.767286051498235e-4
JANAK RAM,BJP,Gopalganj (SC),4,4,2.7255463276780435e-4
R.K. BHARATHI MOHAN,BJP,Rajkot,3,3,2.7012162097679e-4
RAOSAHEB PATIL DANVE,BJP,Jalna,4,4,2.6314324353451707e-4
JASBIR SINGH GILL,INC,Khadoor Sahib,2,2,2.5906212501106726e-4
SUKENDER REDDY GUTHA,INC,Nalgonda,5,5,2.578977532848405e-4
SHRI SHYAMKUMAR DAULAT BARVE,INC,Ramtek (SC),4,4,2.5621882114185656e-4
MAUSAM NOOR,INC,Maldaha Uttar,4,4,2.534424973682844e-4
V. PANNEER SELVAM,DMK,Kancheepuram (SC),3,3,2.498360243643037e-4
HIBI EDEN,INC,Ernakulam,3,3,2.4646560859465543e-4
MURALI MOHAN MAGANTI,TDP,Rajahmundry,3,3,2.4373902104544228e-4
SHRI GIRIDHARI YADAV,JDU,Banka,2,2,2.4114046142995562e-4
DILIP KUMAR MANSUKHLAL GANDHI,BJP,Anand,4,4,2.3724529266914982e-4
MANEKA SANJAY GANDHI,BJP,Pilibhit,3,3,2.2913997236086693e-4
SHER SINGH GHUBAYA,Regional,Ferozepur,4,5,2.2888419256262023e-4
RITESH PANDEY,BJP,Ambedkar Nagar,3,3,2.2538193506967512e-4
JASKAUR MEENA,BJP,Dausa (ST),5,10,2.2333491912298708e-4
VIKRAM USENDI,BJP,Kanker (ST),4,5,2.1555715934200168e-4
DR. SHIVAJI BANDAPPA KALGE,INC,Latur (SC),5,8,2.1404041555677622e-4
SHRI AVIMANYU SETHI,BJP,Bhadrak (SC),2,2,2.1342973302976114e-4
BRIJBHUSHAN SHARAN SINGH,BJP,Kaiserganj,3,3,2.1171604911319775e-4
SHRI NILESH DNYANDEV LANKE,NCP,Ahmednagar,5,10,2.086863959619347e-4
MANICKAM TAGORE B,INC,Virudhunagar,4,5,2.0459912357002132e-4
ALOK SANJAR,BJP,Bhopal,3,3,2.0377154246746504e-4
SHRI DUSHYANT SINGH,BJP,Jhalawar–Baran,2,2,1.8966217951154105e-4
MAHESH SAHOO,Regional,Dhenkanal,2,2,1.8869622878585013e-4
PARBHUBHAI NAGARBHAI VASAVA,BJP,Bardoli (ST),7,12,1.8368728862240558e-4
C.R. CHAUDHARY,BJP,Nagaur,3,3,1.8160174602640933e-4
DR. MANNA LAL RAWAT,BJP,Udaipur (ST),4,4,1.7754456129783332e-4
TATHAGATA SATPATHY,Regional,Dhenkanal,3,3,1.7661524892724514e-4
RAMA KISHORE SINGH,Regional,Vaishali,3,3,1.7559432336529293e-4
(DR.) RAM SHANKAR KATHERIA,BJP,Agra (SC),3,3,1.7331304408331743e-4
POONAM (MAHAJAN) VAJENDLA RAO,BJP,Mumbai North Central,2,2,1.6668392100716652e-4
TIRATH SINGH RAWAT,BJP,Garhwal,2,2,1.663968065607204e-4
ALOK KUMAR SUMAN,JDU,Gopalganj (SC),2,2,1.6351619348475166e-4
SHRI JASHUBHAI BHILUBHAI RATHVA,BJP,Chhota Udaipur (ST),2,2,1.5883824598615626e-4
SUNITA DUGGAL,BJP,Sirsa (SC),3,3,1.578995419875437e-4
JAYANT SINHA,BJP,Hazaribagh,2,2,1.5763375071406588e-4
PUSHPENDRA SINGH CHANDEL,BJP,Hamirpur,3,3,1.5288378470615783e-4
MAHENDRA NATH PANDEY,BJP,Chandauli,3,3,1.5131646418712648e-4
SHARDABEN ANILBHAI PATEL,BJP,Mahesana,4,10,1.5115473666851668e-4
KURUPPASSERY VARKEY THOMAS,INC,Ernakulam,5,6,1.5006573612306854e-4
BHAGIRATH PRASAD,BJP,Bhind (SC),3,3,1.4967752000752732e-4
SHRI CHAMALA KIRAN KUMAR REDDY,INC,Bhongir,3,4,1.477287842511306e-4
MOHAMMAD SALIM,Left,Raiganj,2,2,1.467338988956897e-4
SMT. KRITI DEVI DEBBARMAN,BJP,Tripura East (ST),3,3,1.4468777736504162e-4
RAMESWAR TELI,BJP,Dibrugarh,4,4,1.4381001677556308e-4
MALA ROY,TMC,Kolkata Dakshin,2,2,1.3862235616556268e-4
CHANDAN SINGH,Regional,Nawada,3,3,1.364856707560502e-4
SHRI RAJESH VERMA,Regional,Sitapur,6,12,1.3284201823545626e-4
"GURJEET SINGH,AUJLA",INC,Amritsar,2,2,1.324646930220558e-4
BHARTI PRAVIN PAWAR,BJP,Dindori (ST),3,3,1.3028561939605057e-4
HEMANT PATIL,Shiv Sena,Hingoli,5,7,1.264670022224272e-4
P. VELUSAMY,DMK,Dindigul,3,5,1.2423580198184163e-4
SUSHIL KUMAR RINKU,BJP,Jalandhar,2,2,1.222478225030757e-4
HARI NARAYAN RAJBHAR,BJP,Ghosi,2,2,1.1667301528981011e-4
ABDUL KHALEQUE,INC,Barpeta,3,3,1.1582422899345867e-4
SHRI MADHAVANENI RAGHUNANDAN RAO,BJP,Medak,4,4,1.1361596228175306e-4
SHRI YADUVEER WADIYAR,BJP,Mysore,2,2,1.0953170432919035e-4
ARUN KUMAR SAGAR,BJP,Shahjahanpur (SC),2,2,1.09385241131616e-4
SHRI DEVENDRA SINGH ALIAS BHOLE SINGH,BJP,Akbarpur,2,2,1.0886974131437416e-4
DULAL CHANDRA GOSWAMI,JDU,Katihar,2,2,1.0831813062755065e-4
CHHOTELAL,BJP,Robertsganj (SC),3,3,1.0660752351453639e-4
ANJU BALA,BJP,Misrikh (SC),7,15,1.0587369011253669e-4
JAGANNATH SARKAR,BJP,Ranaghat (SC),2,2,1.0571592897228232e-4
CHARANJEET SINGH RORI,Regional,Sirsa (SC),2,2,1.018464704997296e-4
DAYANIDHI MARAN,DMK,Chennai Central,2,2,1.008162861698017e-4
DEBASREE CHAUDHURI,BJP,Raiganj,2,2,9.99406700246155e-5
BALAK NATH,BJP,Alwar,5,7,9.513549959752705e-5
BHAGWANT MANN,AAP,Sangrur,4,4,9.480699149348032e-5
SHRI GAURAV GOGOI,INC,Kaliabor,2,2,9.151647157932076e-5
SHRI VISHNU DATT SHARMA,BJP,Raigarh (ST),2,2,8.986419500083771e-5
H. VASANTHAKUMAR,INC,Kanniyakumari,2,2,7.959213373162939e-5
RAM SWAROOP SHARMA,BJP,Kangra,2,2,7.610020015235917e-5
JASVANTSINH SUMANBHAI BHABHOR,BJP,Dahod (ST),2,2,7.429808293365243e-5
GANGASANDRA SIDDAPPA BASAVARAJ,BJP,Tumkur,2,2,7.338088283742098e-5
SHRI PRABHAKAR REDDY VEMIREDDY,TDP,Nellore,2,2,7.18203163936665e-5
PARBATBHAI SAVABHAI PATEL,BJP,Banaskantha,4,8,7.156403480484959e-5
MAULANA BADRUDDIN AJMAL,Regional,Dhubri,3,3,7.110051055242967e-5
PRATYUSHA RAJESHWARI SINGH,Regional,Kandhamal,3,3,7.070024127194003e-5
PRABHUBHAI NAGARBHAI VASAVA,BJP,Bharuch,2,2,6.368976574069482e-5
SATISH CHANDRA DUBEY,BJP,Valmiki Nagar,2,2,6.10967423386912e-5
SHRI PUTTA MAHESH KUMAR,TDP,Eluru,4,5,6.0914321501412495e-5
PRABHAS KUMAR SINGH,Regional,Bargarh,2,2,6.022817146619648e-5
PRATIMA BHOUMIK,BJP,Tripura West,4,5,5.951913888773685e-5
SUNIL KUMAR,JDU,Valmiki Nagar,2,2,5.6526881031175506e-5
SADHU SINGH,AAP,Faridkot (SC),3,3,5.521844030841815e-5
SANGEETA AZAD,BJP,Lalganj (SC),2,2,5.330033796614101e-5
DHARAM VIRA GANDHI,INC,Wayanad,2,2,5.227043316498322e-5
SHRI SUDHEER GUPTA,BJP,Mandsaur,3,9,5.13687784238463e-5
BHANU PRATAP SINGH VERMA,BJP,Jalaun (SC),2,2,5.1119720268493594e-5
UDIT RAJ,BJP,North West Delhi (SC),2,2,5.084519950458488e-5
BACHE GOWDA B.N.,BJP,Chikballapur,2,2,4.9111524646712635e-5
E. AHAMED,Regional,Malappuram,2,2,4.8966745983085225e-5
RAMEN DEKA,BJP,Mangaldoi,2,2,4.845283613214015e-5
GYANESHWAR PATIL,BJP,Khandwa,3,6,4.218821655622714e-5
SUDARSHAN BHAGAT,BJP,Lohardaga (ST),2,2,4.203035228784307e-5
SATISH KUMAR GAUTAM,BJP,Aligarh,2,2,4.101422023508627e-5
BASANTA KUMAR PANDA,BJP,Kalahandi,2,2,3.997815224441116e-5
DHANUSH M KUMAR,DMK,Tenkasi (SC),10,23,3.87375249635358e-5
SHRI YOGENDER CHANDOLIA,BJP,North West Delhi (SC),2,2,3.706217050440914e-5
SMT. SHAMBHAVI,Regional,Samastipur (SC),7,14,3.529382942834775e-5
MANOJ KISHORBHAI KOTAK,BJP,Mumbai North East,2,2,3.461443217334133e-5
POONAM MAHAJAN,BJP,Mumbai North Central,2,2,3.363538178007673e-5
KALYAN BANERJEE,TMC,Serampore,2,2,2.979170925309751e-5
KUNHALIKUTTY P.K.,Regional,Malappuram,2,2,2.9621722278763854e-5
SHARAD BANSODE,BJP,Solapur (SC),2,2,2.9292641774142107e-5
SHRI ANOOP PRADHAN VALMIKI,BJP,Hathras (SC),2,2,2.691268228977726e-5
ASHWINI KUMAR CHOUBEY,BJP,Buxar,2,2,2.53169549488063e-5
CHANDRA PRAKASH CHOUDHARY,Regional,Giridih,2,3,2.5282593999252962e-5
TARIQ ANWAR,NCP,Katihar,2,2,2.4373749861096893e-5
BHAGIRATH CHAUDHARY,BJP,Ajmer,2,2,2.1433459392738124e-5
DEEPENDER SINGH HOODA,INC,Rohtak,2,2,1.7508870982573566e-5
SHRI GAJENDRA SINGH PATEL,BJP,Khargone (ST),2,2,1.4385118572568692e-5
DHARAMBIR BHALERAM,BJP,Bhiwani–Mahendragarh,2,2,1.3190041355078615e-5
KAVITHA MALOTHU,Regional,Mahabubabad (ST),5,14,1.157538757047816e-5
SANJAY BHATIA,BJP,Karnal,2,3,9.215976893550717e-6
SHRI SANJAY HARIBHAU JADHAV,Shiv Sena,Parbhani,6,15,6.978715341145508e-6
GUMAN SINGH DAMOR,BJP,Ratlam (ST),2,3,5.565914384749181e-6
TALARI RANGAIAH,YSRCP,Anantapur,3,3,4.359522349068029e-6
RICHARD HAY,BJP,Anglo-Indian Community,4,9,2.203046022878425e-6
MITESH RAMESHBHAI (BAKABHAI) PATEL,BJP,Anand,3,9,1.058066700524801e-6
SHRI SANJAY DINA PATIL,Shiv Sena,Mumbai North East,2,10,0
SMT. SUPRIYA SULE,NCP,Baramati,4,10,0
BALASHOWRY VALLABBHANENI,Regional,Machilipatnam,3,8,0
RAJVEER (RAJU BHAIYA) SINGH,BJP,Etah,6,14,0
SHRI MOHITE PATIL DHAIRYASHEEL RAJSINH,NCP,Madha,4,7,0
CHHATAR SINGH DARBAR,BJP,Dhar (ST),1,2,0
DR. AMOL RAMSING KOLHE,NCP,Shirur,3,5,0
DR. T SUMATHY ALIAS THAMIZHACHI THANGAPANDIAN,DMK,Chennai South,3,4,0
K. SUBBARAYAN,Left,Tiruppur,2,3,0
"KUNHALIKUTTY, P.K.",Regional,Malappuram,1,2,0
PROF. VARSHA EKNATH GAIKWAD,INC,Mumbai North Central,7,19,0
SAKSHI JI SWAMI MAHARAJ,BJP,Unnao,1,2,0
SHRI G LAKSHMINARAYANA,TDP,Anantapur,1,2,0
SHRI NAVASKANI K,Regional,Ramanathapuram,3,4,0
ADHIKARI DIBYENDU,TMC,Tamluk,1,1,0
AGATHA K. SANGMA,Regional,Tura (ST),1,1,0
AJAY BHATT,BJP,Nainital–Udhamsingh Nagar,1,1,0
AJAY KUMAR MANDAL,JDU,Bhagalpur,2,2,0
AJAY TAMTA,BJP,Almora (SC),1,1,0
ANUMULA REVANTH REDDY,INC,Malkajgiri,1,1,0
ANUPAM HAZRA,TMC,Bolpur (SC),1,1,0
BIJOYA CHAKRAVARTY,BJP,Gauhati,1,1,0
BISHNU PADA RAY,BJP,Andaman and Nicobar Islands,1,1,0
DR. ALOK KUMAR SUMAN,JDU,Gopalganj (SC),1,1,0
DR. C M RAMESH,BJP,Anakapalli,1,1,0
DR. MALLU RAVI,INC,Nagarkurnool (SC),1,1,0
FRANCISCO COSME SARDINHA,INC,South Goa,1,1,0
GHANSHYAM SINGH LODHI,BJP,Rampur,1,1,0
GIRISH CHANDRA,BSP,Nagina (SC),1,1,0
HEMA MALINI,BJP,Mathura,1,1,0
KARTI P. CHIDAMBARAM,INC,Sivaganga,1,1,0
KESHAV PRASAD MAURYA,BJP,Phulpur,1,1,0
KM. SUDHA R,INC,Mayiladuthurai,1,1,0
KRISTAPPA NIMMALA,TDP,Hindupur,1,1,0
LALUBHAI BABUBHAI PATEL,BJP,Daman and Diu,1,1,0
MALOOK NAGAR,BSP,Bijnor,1,1,0
MANISH TEWARI,INC,Anandpur Sahib,2,2,0
MIMI CHAKRABORTY,TMC,Jadavpur,1,1,0
MOHAMMAD JAWED,INC,Kishanganj,2,3,0
MS IQRA CHOUDHARY,SP,Kairana,1,1,0
NAND KUMAR SINGH CHAUHAN,BJP,Kheda,1,1,0
NANDI YELLAIAH,INC,Nagarkurnool (SC),1,1,0
NARENDRA KUMAR,BJP,Jhunjhunu,2,2,0
NISITH PRAMANIK,BJP,Cooch Behar (SC),3,4,0
PALLAB LOCHAN DAS,BJP,Tezpur,1,1,0
PRAVEEN KUMAR NISHAD,BJP,Sant Kabir Nagar,1,1,0
RAHUL GANDHI,INC,Amethi,1,1,0
RAJDEEP ROY,BJP,Silchar,1,1,0
RAJESH PANDEY,BJP,Kushi Nagar,2,3,0
RAMESH CHAND BIND,BJP,Bhadohi,1,1,0
RENUKA BUTTA,YSRCP,Kurnool,1,1,0
S. VENKATESAN,Left,Madurai,1,1,0
SANJEEV KUMAR BALYAN,BJP,Muzaffarnagar,1,1,0
SARFARAZ ALAM,RJD,Araria,1,1,0
SHRI AMRA RAM,Left,Sikar,1,1,0
SHRI AMRINDER SINGH RAJA WARRING,INC,Ludhiana,1,1,0
SHRI BAIJAYANT PANDA,BJP,Kendrapara,1,1,0
SHRI BALRAM NAIK PORIKA,INC,Mahabubabad (ST),1,1,0
SHRI GADDIGOUDAR PARVATAGOUDA CHANDANAGOUDA,BJP,Bagalkot,1,1,0
SHRI JAGADISH SHETTAR,BJP,Belgaum,1,1,0
SHRI JAI PARKASH,INC,Hisar,2,2,0
SHRI JASWANTSINH SUMANBHAI BHABHOR,BJP,Dahod (ST),1,1,0
SHRI JYOTIRMAY SINGH MAHATO,BJP,Purulia,1,1,0
SHRI KALIPADA SAREN KHERWAL,TMC,Jhargram (ST),1,1,0
SHRI KODIKUNNIL SURESH,INC,Mavelikara (SC),1,1,0
SHRI KONDA VISHWESHWAR REDDY,BJP,Chevella,1,1,0
SHRI KULDEEP INDORA,INC,Ganganagar (SC),1,1,0
SHRI MALAIYARASAN D,DMK,Kallakurichi,1,1,0
SHRI NARESH GANPAT MHASKE,Shiv Sena,Thane,7,22,0
SHRI PRADEEP PUROHIT,BJP,Bargarh,1,1,0
SHRI RAHUL SINGH LODHI,BJP,Damoh,1,1,0
SHRI RAJEEV RAI,SP,Ghosi,1,1,0
SHRI RAJIV PRATAP RUDY,BJP,Saran,1,1,0
SHRI RAJMOHAN UNNITHAN,INC,Kasaragod,1,1,0
SHRI RAMESH AWASTHI,BJP,Kanpur,1,1,0
SHRI RAO RAJENDRA SINGH,BJP,Jaipur Rural,1,1,0
SHRI SANATAN PANDEY,SP,Ballia,3,3,0
SHRI SHAFI PARAMBIL,INC,Vatakara,1,1,0
SHRI SHER SINGH GHUBAYA,INC,Ferozepur,1,1,0
SHRI SHIVMANGAL SINGH TOMAR,BJP,Morena,1,1,0
SHRI SRIBHARAT MATHUKUMILLI,TDP,Visakhapatnam,1,1,0
SHRI SUNIL BOSE,INC,Chamarajanagar (SC),1,1,0
SHRI TATKARE SUNIL DATTATREY,NCP,Raigad,2,2,0
SHRI TRIVENDRA SINGH RAWAT,BJP,Haridwar,1,1,0
SHRI VISHWESHWAR HEGDE KAGERI,BJP,Uttara Kannada,1,1,0
SMT. BAG MITALI,TMC,Arambagh (SC),1,1,0
SMT. GENIBEN NAGAJI THAKOR,INC,Banaskantha,1,1,0
SMT. MALVIKA DEVI,BJP,Kalahandi,1,1,0
SMT. SANDHYA RAY,BJP,Bhind (SC),1,1,0
THIRU D M KATHIR ANAND,DMK,Vellore,3,4,0
THIRU DAYANIDHI MARAN,DMK,Chennai Central,1,1,0
DR. BYREDDY SHABARI,TDP,Nandyal,1,5,0
MOHAN MANDAVI,BJP,Kanker (ST),2,4,0
SHRI BHASKAR MURLIDHAR BHAGARE,NCP,Dindori (ST),2,3,0
SHRI PARBHUBHAI NAGARBHAI VASAVA,BJP,Bardoli (ST),1,2,0
ADV K. FRANCIS GEORGE,Regional,Kottayam,1,1,0
RAJ KUMAR SINGH,BJP,Arrah,1,1,0
SHRI RADHESHYAM RATHIYA,BJP,Raigarh (ST),1,1,0
SMT. SANGEETA KUMARI SINGH DEO,BJP,Bolangir,1,1,0
SHRI MADDILA GURUMOORTHY,YSRCP,Tirupati (SC),2,2,0
SHRI BHAJAN LAL JATAV,INC,Karauli–Dholpur (SC),1,1,0
SHRI MALVINDER SINGH KANG,AAP,Anandpur Sahib,1,1,0
SHRI RAJESH NARANBHAI CHUDASAMA,BJP,Junagadh,1,1,0
SAVITRI THAKUR,BJP,Dhar (ST),1,1,0
CHANDRANI MURMU,Regional,Keonjhar (ST),1,1,0
JADON CHANDRA SEN,BJP,Firozabad,1,1,0
SEETARAM AJMEERA NAIK,BJP,North Goa,1,1,0
DR. SHASHI THAROOR,INC,Thiruvananthapuram,1,1,0
RAVINDRA BABU PANDULA,TDP,Amalapuram (SC),1,1,0
MUKESH RAJPUT,BJP,Farrukhabad,1,1,0
RAJU BISTA,BJP,Darjeeling,1,1,0
SUGATA BOSE,TMC,Jadavpur,1,1,0
KAMLESH PASWAN,BJP,Bansgaon (SC),1,1,0
RAJ KUMAR SAINI,BJP,Kurukshetra,1,1,0
SANTOSH PANDEY,BJP,Rajnandgaon,1,1,0
P. RAVINDHRANATH,Independent,Theni,1,1,0
SHRI TANUJ PUNIA,INC,Barabanki (SC),1,1,0
SHRI VIJAY KUMAR HANSDAK,Regional,Rajmahal (ST),1,1,0
MS. PRANITI SUSHILKUMAR SHINDE,INC,Solapur (SC),1,1,0
SHRI ZIA UR REHMAN,SP,Sambhal,1,1,0
DR. RAJKUMAR SANGWAN,Regional,Baghpat,1,1,0
SHRI DEEPENDER SINGH HOODA,INC,Rohtak,1,1,0
SHRI MURARI LAL MEENA,INC,Dausa (ST),1,1,0
SHRI BRIJMOHAN AGRAWAL,BJP,Raipur,1,1,0
DR. BACHHAV SHOBHA DINESH,INC,Dhule,1,1,0
SHRI IMRAN MASOOD,INC,Saharanpur,1,1,0
SHRI VAMSI KRISHNA GADDAM,INC,Peddapalle (SC),1,1,0
DR. M K VISHNU PRASAD,INC,Arani,1,1,0
SMT. RACHNA BANERJEE,TMC,Diamond Harbour,1,1,0
DR. SHARMILA SARKAR,TMC,Bardhaman Purba (SC),1,1,0
SHRI AASHTIKAR PATIL NAGESH BAPURAO,Shiv Sena,Hingoli,1,1,0
SHRI KAMAKHYA PRASAD TASA,BJP,Jorhat,1,1,0
SHRI ARUN GOVIL,BJP,Meerut,1,1,0
SHRI N K PREMACHANDRAN,Regional,Kollam,1,1,0
DR. KALANIDHI VEERASWAMY,DMK,Chennai North,1,1,0
DR. GANAPATHY RAJKUMAR P,BJP,Inner Manipur,1,1,0
SHRI G KUMAR NAIK,INC,Raichur (ST),1,1,0
SHRI E TUKARAM,INC,Bellary (ST),1,1,0
SHRI NAVEEN JINDAL,BJP,Kurukshetra,1,1,0
SHRI V K SREEKANDAN,INC,Palakkad,1,1,0
SHRI MOHMAD HANEEFA,Independent,Ladakh,1,1,0
SHRI SUKHJINDER SINGH RANDHAWA,INC,Gurdaspur,1,1,0
SHRI ASADUDDIN OWAISI,Regional,Hyderabad,1,1,0
SHRI BHAUSAHEB RAJARAM WAKCHAURE,Shiv Sena,Shirdi (SC),1,1,0
DR. RANI SRIKUMAR,DMK,Tenkasi (SC),1,1,0
SMT. MALA ROY,TMC,Kolkata Dakshin,1,1,0
SMT. JUNE MALIAH,TMC,Medinipur,1,1,0
KANTILAL BHURIA,INC,Ratlam (ST),1,1,0
PRAJWAL REVANNA,Regional,Hassan,1,1,0
SHRINIWAS DADASAHEB PATIL,NCP,Satara,1,1,0
THIRUMAA VALAVAN THOL,Regional,Chidambaram (SC),1,1,0
"DINESH LAL ""NIRAHUA"" YADAV",JDU,Madhepura,1,1,0
DEEPAK (DEV) ADHIKARI,TMC,Ghatal,1,1,0
SUNIL KUMAR SONI,BJP,Raipur,1,1,0
