mp1,mp2,party1,party2,weight,cross_party,lok_nos
SANJAY SHAMRAO DHOTRE,BHARTRUHARI MAHTAB,BJP,BJP,9,FALSE,16
BHOLA SINGH,VINOD KUMAR SONKAR,BJP,BJP,8,FALSE,17
BHARTRUHARI MAHTAB,SANJAY SHAMRAO DHOTRE,BJP,BJP,7,FALSE,16
BHARAT SINGH,MANSHANKAR NINAMA,BJP,BJP,6,FALSE,16
JANARDAN MISHRA,RODMAL NAGAR,BJP,BJP,6,FALSE,17
JUGAL KISHORE SHARMA,RITI PATHAK,BJP,BJP,5,FALSE,"16,17"
LAXMI NARAYAN YADAV,RAM TAHAL CHOUDHARY,BJP,BJP,5,FALSE,16
RAMA DEVI,LAXMI NARAYAN YADAV,BJP,BJP,5,FALSE,16
RAMA DEVI,RAM TAHAL CHOUDHARY,BJP,BJP,5,FALSE,16
RITI PATHAK,JUGAL KISHORE SHARMA,BJP,BJP,5,FALSE,"16,17"
SUMEDHANAND SARASWATI,RANJEETA KOLI,BJP,BJP,5,FALSE,17
SUMEDHANAND SARASWATI,SANTOSH AHLAWAT,BJP,BJP,5,FALSE,16
BHOLA SINGH,SUKANTA MAJUMDAR,BJP,BJP,4,FALSE,17
BIDYUT BARAN MAHATO,SUDHEER GUPTA,BJP,BJP,4,FALSE,"16,17"
C.N. ANNADURAI,MANJULATA MANDAL,DMK,Regional,4,TRUE,17
GEORGE BAKER,RICHARD HAY,BJP,BJP,4,FALSE,16
JASKAUR MEENA,NIHAL CHAND CHAUHAN,BJP,BJP,4,FALSE,17
KRISHNA PAL SINGH YADAV,RITA BAHUGUNA JOSHI,BJP,BJP,4,FALSE,17
LAXMAN GILUWA,RAM TAHAL CHOUDHARY,BJP,BJP,4,FALSE,16
MANJULATA MANDAL,C.N. ANNADURAI,Regional,DMK,4,TRUE,17
PUSHPENDRA SINGH CHANDEL,MALA RAJYA LAXMI SHAH,BJP,BJP,4,FALSE,17
RANJEETA KOLI,SUMEDHANAND SARASWATI,BJP,BJP,4,FALSE,17
SANGEETA KUMARI SINGH DEO,JAYANTA KUMAR ROY,BJP,BJP,4,FALSE,17
SANGEETA KUMARI SINGH DEO,SUKANTA MAJUMDAR,BJP,BJP,4,FALSE,17
SANJAY SHAMRAO DHOTRE,SATYA PAL SINGH,BJP,BJP,4,FALSE,16
SANTOSH AHLAWAT,SUMEDHANAND SARASWATI,BJP,BJP,4,FALSE,16
SATYA PAL SINGH,SANJAY SHAMRAO DHOTRE,BJP,BJP,4,FALSE,16
UPENDRA SINGH RAWAT,KAUSHAL KISHORE,BJP,BJP,4,FALSE,17
BIDYUT BARAN MAHATO,NARANBHAI KACHHADIA,BJP,BJP,3,FALSE,16
JAYANTA KUMAR ROY,SANGEETA KUMARI SINGH DEO,BJP,BJP,3,FALSE,17
KRISHNA PAL SINGH YADAV,UNMESH BHAIYYASAHEB PATIL,BJP,BJP,3,FALSE,17
KRUPAL BALAJI TUMANE,SANJAY HARIBHAU JADHAV,Shiv Sena,Shiv Sena,3,FALSE,17
LAXMAN GILUWA,RAMA DEVI,BJP,BJP,3,FALSE,16
MANOJ RAJORIA,RANJEETA KOLI,BJP,BJP,3,FALSE,17
MANOJ RAJORIA,SUMEDHANAND SARASWATI,BJP,BJP,3,FALSE,17
NIHAL CHAND CHAUHAN,JASKAUR MEENA,BJP,BJP,3,FALSE,17
RAM TAHAL CHOUDHARY,PRATAPRAO GANPATRAO JADHAV,BJP,Shiv Sena,3,TRUE,16
RAMA DEVI,GIRIDHARI YADAV,BJP,JDU,3,TRUE,17
RANJEET RANJAN,RAJESH RANJAN (PAPPU YADAV),INC,RJD,3,TRUE,16
RAVINDRA KUMAR PANDEY,NISHIKANT DUBEY,BJP,BJP,3,FALSE,16
REBATI TRIPURA,VIJAY KUMAR DUBEY,BJP,BJP,3,FALSE,17
SANJAY HARIBHAU JADHAV,KRUPAL BALAJI TUMANE,Shiv Sena,Shiv Sena,3,FALSE,17
SUKANTA MAJUMDAR,SANGEETA KUMARI SINGH DEO,BJP,BJP,3,FALSE,17
SUKANTA MAJUMDAR,VINOD KUMAR SONKAR,BJP,BJP,3,FALSE,17
SUNIL KUMAR PINTU,JUGAL KISHORE SHARMA,JDU,BJP,3,TRUE,17
A. CHELLAKUMAR,AMAR SINGH,INC,INC,2,FALSE,17
BHARAT SINGH,VIJAY KUMAR HANSDAK,BJP,Regional,2,TRUE,16
BHARTRUHARI MAHTAB,SATYA PAL SINGH,BJP,BJP,2,FALSE,16
BHOLA SINGH,PREM SINGH CHANDUMAJRA,BJP,Regional,2,TRUE,16
CHANDRA PRAKASH CHOUDHARY,SANJAY SETH,Regional,BJP,2,TRUE,17
CHANDRA PRAKASH JOSHI,RODMAL NAGAR,BJP,BJP,2,FALSE,17
CHANDRA PRAKASH JOSHI,SUNIL KUMAR SINGH,BJP,BJP,2,FALSE,16
CHINTAMANI MALVIYA,BODH SINGH BHAGAT,BJP,BJP,2,FALSE,16
DHARMENDRA YADAV,SHRIKANT EKNATH SHINDE,SP,Shiv Sena,2,TRUE,16
DILESHWAR KAMAIT,JUGAL KISHORE SHARMA,JDU,BJP,2,TRUE,17
DILESHWAR KAMAIT,RITI PATHAK,JDU,BJP,2,TRUE,17
DINESH CHANDRA YADAV,SANTOSH KUMAR,JDU,JDU,2,FALSE,17
GIRIDHARI YADAV,RAMA DEVI,JDU,BJP,2,TRUE,17
GUMAN SINGH DAMOR,DHAL SINGH BISEN,BJP,BJP,2,FALSE,17
K. MURALEEDHARAN,MOHAMMAD JAWED,INC,INC,2,FALSE,17
KAUSHALENDRA KUMAR,DINESH CHANDRA YADAV,JDU,JDU,2,FALSE,17
KHAGEN MURMU,MAHABALI SINGH,BJP,JDU,2,TRUE,17
KURUVA GORANTLA MADHAV,ADALA PRABHAKARA REDDY,INC,INC,2,FALSE,17
LAXMAN GILUWA,LAXMI NARAYAN YADAV,BJP,BJP,2,FALSE,16
LAXMI NARAYAN YADAV,PRATAPRAO GANPATRAO JADHAV,BJP,Shiv Sena,2,TRUE,16
LAXMI NARAYAN YADAV,RAMA DEVI,BJP,BJP,2,FALSE,16
LAXMI NARAYAN YADAV,VIJAY KUMAR HANSDAK,BJP,Regional,2,TRUE,16
LOCKET CHATTERJEE,RAMESH CHANDER KAUSHIK,BJP,BJP,2,FALSE,17
LOCKET CHATTERJEE,SUNIL KUMAR PINTU,BJP,JDU,2,TRUE,17
MAGUNTA SREENIVASULU REDDY,KURUVA GORANTLA MADHAV,TDP,INC,2,TRUE,17
NARANBHAI KACHHADIA,BIDYUT BARAN MAHATO,BJP,BJP,2,FALSE,16
NARANBHAI KACHHADIA,CHANDRA PRAKASH JOSHI,BJP,BJP,2,FALSE,16
NISHIKANT DUBEY,RAJESH PANDEY,BJP,BJP,2,FALSE,16
NISHIKANT DUBEY,RAVINDRA KUMAR PANDEY,BJP,BJP,2,FALSE,16
PARESH RAWAL,DEVUSINH JESINGBHAI CHAUHAN,BJP,BJP,2,FALSE,16
PRATAPRAO GANPATRAO JADHAV,SAKUNTALA LAGURI,Shiv Sena,Regional,2,TRUE,16
PRATAPRAO JADHAV,SUDHEER GUPTA,Shiv Sena,BJP,2,TRUE,17
RAMA DEVI,LAXMAN GILUWA,BJP,BJP,2,FALSE,16
RAMA DEVI,LOCKET CHATTERJEE,BJP,BJP,2,FALSE,17
RAMESH CHANDER KAUSHIK,RAMA DEVI,BJP,BJP,2,FALSE,17
RICHARD HAY,GEORGE BAKER,BJP,BJP,2,FALSE,16
RODMAL NAGAR,JANARDAN MISHRA,BJP,BJP,2,FALSE,"16,17"
SAKUNTALA LAGURI,LAXMAN GILUWA,Regional,BJP,2,TRUE,16
SANTOSH AHLAWAT,ASADUDDIN OWAISI,BJP,Regional,2,TRUE,16
SANTOSH KUMAR,HARI OM PANDEY,JDU,BJP,2,TRUE,16
SHER SINGH GHUBAYA,RAVINDRA KUMAR RAY,INC,BJP,2,TRUE,16
SHRIKANT EKNATH SHINDE,UNMESH BHAIYYASAHEB PATIL,Shiv Sena,BJP,2,TRUE,17
SUDHEER GUPTA,BIDYUT BARAN MAHATO,BJP,BJP,2,FALSE,"16,17"
SUDHEER GUPTA,RAVINDRA KUSHAWAHA,BJP,BJP,2,FALSE,17
SUMEDHANAND SARASWATI,MANOJ RAJORIA,BJP,BJP,2,FALSE,17
SUMEDHANAND SARASWATI,OM PRAKASH YADAV,BJP,BJP,2,FALSE,16
SUNIL KUMAR SINGH,PRATIMA BHOUMIK,BJP,BJP,2,FALSE,17
VIJAY KUMAR DUBEY,REBATI TRIPURA,BJP,BJP,2,FALSE,17
VIJAY KUMAR DUBEY,SANTOSH KUMAR,BJP,JDU,2,TRUE,17
VIKRAM USENDI,BANSHILAL MAHTO,BJP,BJP,2,FALSE,16
VINOD KUMAR SONKAR,BHOLA SINGH,BJP,BJP,2,FALSE,17
VINOD KUMAR SONKAR,NISITH PRAMANIK,BJP,BJP,2,FALSE,17
A. CHELLAKUMAR,ADOOR PRAKASH,INC,INC,1,FALSE,17
ABHIJIT MUKHERJEE,RATTAN LAL KATARIA,INC,BJP,1,TRUE,16
ABHISHEK SINGH,OM BIRLA,BJP,BJP,1,FALSE,16
ABHISHEK SINGH,RAMA DEVI,BJP,BJP,1,FALSE,16
ADALA PRABHAKARA REDDY,CHINTA ANURADHA,INC,INC,1,FALSE,17
ADHIR RANJAN CHOWDHURY,PINAKI MISRA,INC,Regional,1,TRUE,16
ADHIR RANJAN CHOWDHURY,RABINDRA KUMAR JENA,INC,Regional,1,TRUE,16
ADHIR RANJAN CHOWDHURY,SATISH KUMAR GAUTAM,INC,BJP,1,TRUE,16
ADHIR RANJAN CHOWDHURY,SHIVKUMAR CHANABASAPPA UDASI,INC,BJP,1,TRUE,16
ADOOR PRAKASH,SHASHI THAROOR,INC,INC,1,FALSE,17
AJAY BHATT,SANJAY HARIBHAU JADHAV,BJP,Shiv Sena,1,TRUE,17
AJAY KUMAR MANDAL,JUGAL KISHORE SHARMA,JDU,BJP,1,TRUE,17
AJAY KUMAR MANDAL,RAMESH CHANDER KAUSHIK,JDU,BJP,1,TRUE,17
AJAY NISHAD,CHANDESHWAR PRASAD,BJP,JDU,1,TRUE,17
AJAY TAMTA,BHARTRUHARI MAHTAB,BJP,BJP,1,FALSE,16
ALOK KUMAR SUMAN,SUMEDHANAND SARASWATI,JDU,BJP,1,TRUE,17
AMAR SINGH,CHANDESHWAR PRASAD,INC,JDU,1,TRUE,17
AMAR SINGH,SAPTAGIRI SANKAR ULAKA,INC,INC,1,FALSE,17
ANIL FIROJIYA,KHAGEN MURMU,BJP,BJP,1,FALSE,17
ANIL SHIROLE,HARISH DWIVEDI,BJP,BJP,1,FALSE,16
ANIRUDHAN SAMPATH,M. B. RAJESH,Left,Left,1,FALSE,16
ANIRUDHAN SAMPATH,UDAY PRATAP SINGH,Left,BJP,1,TRUE,16
ANNPURNA DEVI,GIRIDHARI YADAV,BJP,JDU,1,TRUE,17
ANNPURNA DEVI,PASHUPATI NATH SINGH,BJP,BJP,1,FALSE,17
ANNPURNA DEVI,RAMA DEVI,BJP,BJP,1,FALSE,17
ANOOP MISHRA,SHARAD TRIPATHI,BJP,BJP,1,FALSE,16
ANTO ANTONY,ADOOR PRAKASH,INC,INC,1,FALSE,17
ANTO ANTONY,ANJU BALA,INC,BJP,1,TRUE,16
ANTO ANTONY,K. C. VENUGOPAL,INC,INC,1,FALSE,16
ANTO ANTONY,PRAHLAD SINGH PATEL,INC,BJP,1,TRUE,16
ANUPAM HAZRA,BHAIRON PRASAD MISHRA,INC,BJP,1,TRUE,16
ANURAG SHARMA,PRATAP CHANDRA SARANGI,BJP,BJP,1,FALSE,17
ANURAG SHARMA,RAMAPATI RAM TRIPATHI,BJP,BJP,1,FALSE,17
ANURAG SHARMA,REBATI TRIPURA,BJP,BJP,1,FALSE,17
ANURAG SHARMA,VIJAY KUMAR DUBEY,BJP,BJP,1,FALSE,17
ANURAG SINGH THAKUR,RABINDRA KUMAR JENA,BJP,Regional,1,TRUE,16
APARAJITA SARANGI,DUSHYANT SINGH,BJP,BJP,1,FALSE,17
APARAJITA SARANGI,JASKAUR MEENA,BJP,BJP,1,FALSE,17
APARAJITA SARANGI,LOCKET CHATTERJEE,BJP,BJP,1,FALSE,17
ARJUN RAM MEGHWAL,NITYANAND RAI,BJP,BJP,1,FALSE,16
ARJUNLAL MEENA,DHARMENDRA YADAV,BJP,SP,1,TRUE,16
ARJUNLAL MEENA,LAKHAN LAL SAHU,BJP,BJP,1,FALSE,16
ARJUNLAL MEENA,SUNIL KUMAR SINGH,BJP,BJP,1,FALSE,17
ARUN KUMAR SAGAR,ASHOK KUMAR RAWAT,BJP,BJP,1,FALSE,17
ARVIND KUMAR SHARMA,AJAY NISHAD,BJP,BJP,1,FALSE,17
ARVIND KUMAR SHARMA,QUEEN OJA,BJP,BJP,1,FALSE,17
ASADUDDIN OWAISI,JAGDAMBIKA PAL,Regional,BJP,1,TRUE,16
BADRUDDIN AJMAL,DEAN KURIAKOSE,Regional,INC,1,TRUE,17
BALABHADRA MAJHI,ARJUN RAM MEGHWAL,BJP,BJP,1,FALSE,16
BALABHADRA MAJHI,DINESH TRIVEDI,BJP,INC,1,TRUE,16
BALABHADRA MAJHI,VIJAY KUMAR HANSDAK,BJP,Regional,1,TRUE,16
BALABHADRA MAJHI,Y. S. AVINASH REDDY,BJP,INC,1,TRUE,16
BANSHILAL MAHTO,ABHISHEK SINGH,BJP,BJP,1,FALSE,16
BANSHILAL MAHTO,LAKHAN LAL SAHU,BJP,BJP,1,FALSE,16
BANSHILAL MAHTO,SHRIKANT EKNATH SHINDE,BJP,Shiv Sena,1,TRUE,16
BEESETTI VENKATA SATYAVATHI,ADALA PRABHAKARA REDDY,INC,INC,1,FALSE,17
BEESETTI VENKATA SATYAVATHI,CHINTA ANURADHA,INC,INC,1,FALSE,17
BHAGIRATH CHAUDHARY,RANJEETA KOLI,BJP,BJP,1,FALSE,17
BHAGIRATH CHAUDHARY,SUMEDHANAND SARASWATI,BJP,BJP,1,FALSE,17
BHAGWANT MANN,ABHISHEK SINGH,AAP,BJP,1,TRUE,16
BHAGWANT MANN,HANUMAN BENIWAL,AAP,Regional,1,TRUE,17
BHAGWANTH KHUBA,HEMANT PATIL,BJP,Shiv Sena,1,TRUE,17
BHAGWANTH KHUBA,SUNIL KUMAR SINGH,BJP,BJP,1,FALSE,17
BHAGWANTH KHUBA,VINOD KUMAR SONKAR,BJP,BJP,1,FALSE,17
BHAIRON PRASAD MISHRA,NAGENDRA KUMAR PRADHAN,BJP,Regional,1,TRUE,16
BHAIRON PRASAD MISHRA,RAMESH BIDHURI,BJP,BJP,1,FALSE,16
BHARTRUHARI MAHTAB,ARJUN RAM MEGHWAL,BJP,BJP,1,FALSE,16
BHARTRUHARI MAHTAB,PINAKI MISRA,BJP,Regional,1,TRUE,17
BHOLA SINGH,DIPSINH SHANKARSINH RATHOD,BJP,BJP,1,FALSE,16
BHOLA SINGH,NISHIKANT DUBEY,BJP,BJP,1,FALSE,16
BHOLA SINGH,NISITH PRAMANIK,BJP,BJP,1,FALSE,17
BHOLA SINGH,SANGEETA KUMARI SINGH DEO,BJP,BJP,1,FALSE,17
BIDYUT BARAN MAHATO,ADOOR PRAKASH,BJP,INC,1,TRUE,17
BIDYUT BARAN MAHATO,PRATAPRAO JADHAV,BJP,Shiv Sena,1,TRUE,17
BIDYUT BARAN MAHATO,SUKANTA MAJUMDAR,BJP,BJP,1,FALSE,17
BISHNU PADA RAY,RAVINDRA KUSHAWAHA,BJP,BJP,1,FALSE,16
BOORA NARSAIAH GOUD,KRISHNA RAJ,Regional,BJP,1,TRUE,16
BOORA NARSAIAH GOUD,P. KARUNAKARAN,Regional,Left,1,TRUE,16
BRIJENDRA SINGH,JAGANNATH SARKAR,BJP,BJP,1,FALSE,17
BRIJENDRA SINGH,KIRIT PREMJIBHAI SOLANKI,BJP,BJP,1,FALSE,17
BRIJENDRA SINGH,S. JAGATHRAKSHAKAN,BJP,DMK,1,TRUE,17
C. N. JAYADEVAN,ANTO ANTONY,Left,INC,1,TRUE,16
C. N. JAYADEVAN,K. C. VENUGOPAL,Left,INC,1,TRUE,16
C. N. JAYADEVAN,KRUPAL BALAJI TUMANE,Left,Shiv Sena,1,TRUE,16
C.N. ANNADURAI,ANURAG SHARMA,DMK,BJP,1,TRUE,17
C.N. ANNADURAI,REBATI TRIPURA,DMK,BJP,1,TRUE,17
CHANDAN SINGH,AJAY NISHAD,Regional,BJP,1,TRUE,17
CHANDAN SINGH,DILESHWAR KAMAIT,Regional,JDU,1,TRUE,17
CHANDAN SINGH,NAMA NAGESWARA RAO,Regional,Regional,1,FALSE,17
CHANDESHWAR PRASAD,MANNE SRINIVAS REDDY,JDU,Regional,1,TRUE,17
CHANDRA PRAKASH CHOUDHARY,KURUVA GORANTLA MADHAV,Regional,INC,1,TRUE,17
CHANDRA PRAKASH JOSHI,AJAY NISHAD,BJP,BJP,1,FALSE,16
CHANDRA PRAKASH JOSHI,BALABHADRA MAJHI,BJP,BJP,1,FALSE,16
CHANDRA PRAKASH JOSHI,BIDYUT BARAN MAHATO,BJP,BJP,1,FALSE,16
CHANDRA PRAKASH JOSHI,DHAL SINGH BISEN,BJP,BJP,1,FALSE,17
CHANDRA PRAKASH JOSHI,LOCKET CHATTERJEE,BJP,BJP,1,FALSE,17
CHANDRA PRAKASH JOSHI,OM BIRLA,BJP,BJP,1,FALSE,16
CHANDRA PRAKASH JOSHI,RAVINDRA KUSHAWAHA,BJP,BJP,1,FALSE,17
CHANDRA PRAKASH JOSHI,VISHNU DAYAL RAM,BJP,BJP,1,FALSE,16
CHANDRA SEKHAR SAHU,PRATAPRAO JADHAV,Regional,Shiv Sena,1,TRUE,17
CHANDU LAL SAHU,NINONG ERING,BJP,INC,1,TRUE,16
CHANDU LAL SAHU,RAGHAV LAKHANPAL,BJP,BJP,1,FALSE,16
CHANDU LAL SAHU,VEENA DEVI,BJP,Regional,1,TRUE,16
CHARANJEET SINGH RORI,CHANDU LAL SAHU,Regional,BJP,1,TRUE,16
CHARANJEET SINGH RORI,DUSHYANT CHAUTALA,Regional,Regional,1,FALSE,16
CHHEDI PASWAN,RAVINDRA KUMAR RAY,BJP,BJP,1,FALSE,16
CHHOTELAL,BODH SINGH BHAGAT,BJP,BJP,1,FALSE,16
CHINTA ANURADHA,ADALA PRABHAKARA REDDY,INC,INC,1,FALSE,17
CHINTA ANURADHA,BEESETTI VENKATA SATYAVATHI,INC,INC,1,FALSE,17
CHINTA ANURADHA,GODDETI MADHAVI,INC,INC,1,FALSE,17
CHINTA ANURADHA,MADDILA GURUMOORTHY,INC,INC,1,FALSE,17
CHINTA ANURADHA,POCHA BRAHMANANDA REDDY,INC,INC,1,FALSE,17
CHINTAMANI MALVIYA,RAVINDRA KUMAR RAY,BJP,BJP,1,FALSE,16
CHINTAMANI MALVIYA,VINOD KUMAR BOIANAPALLI,BJP,Regional,1,TRUE,16
CHIRAG PASWAN,KESHARI DEVI PATEL,Regional,BJP,1,TRUE,17
CHIRAG PASWAN,SUNIL KUMAR SINGH,Regional,BJP,1,TRUE,16
CHUNNI LAL SAHU,SUNIL KUMAR SINGH,BJP,BJP,1,FALSE,17
D. M. KATHIR ANAND,ANURAG SHARMA,DMK,BJP,1,TRUE,17
D. RAVIKUMAR,APARAJITA SARANGI,DMK,BJP,1,TRUE,17
D. RAVIKUMAR,ASADUDDIN OWAISI,DMK,Regional,1,TRUE,17
DEAN KURIAKOSE,RAJMOHAN UNNITHAN,INC,INC,1,FALSE,17
DEBASREE CHAUDHURI,M. P. ABDUSSAMAD SAMADANI,BJP,Regional,1,TRUE,17
DEEPAK BAIJ,ABDUL KHALEQUE,INC,INC,1,FALSE,17
DEEPAK BAIJ,KAUSHALENDRA KUMAR,INC,JDU,1,TRUE,17
DEEPAK BAIJ,MALA ROY,INC,INC,1,FALSE,17
DEVUSINH JESINGBHAI CHAUHAN,DIPSINH SHANKARSINH RATHOD,BJP,BJP,1,FALSE,16
DEVUSINH JESINGBHAI CHAUHAN,HARI MANJHI,BJP,BJP,1,FALSE,16
DEVUSINH JESINGBHAI CHAUHAN,PARESH RAWAL,BJP,BJP,1,FALSE,16
DHAL SINGH BISEN,DUSHYANT SINGH,BJP,BJP,1,FALSE,17
DHAL SINGH BISEN,P. C. MOHAN,BJP,BJP,1,FALSE,17
DHARMENDRA YADAV,DIPSINH SHANKARSINH RATHOD,SP,BJP,1,TRUE,16
DHARMENDRA YADAV,NAGENDRA KUMAR PRADHAN,SP,Regional,1,TRUE,16
DILESHWAR KAMAIT,JYOTIRMAY SINGH MAHATO,JDU,BJP,1,TRUE,17
DINESH CHANDRA YADAV,SATYADEV PACHAURI,JDU,BJP,1,TRUE,17
DINESH TRIVEDI,MAUSAM NOOR,INC,INC,1,FALSE,16
DINESH TRIVEDI,RAMA DEVI,INC,BJP,1,TRUE,16
DIPSINH SHANKARSINH RATHOD,ANTO ANTONY,BJP,INC,1,TRUE,16
DULAL CHANDRA GOSWAMI,CHANDESHWAR PRASAD,JDU,JDU,1,FALSE,17
DURGA DAS UIKEY,RODMAL NAGAR,BJP,BJP,1,FALSE,17
DUSHYANT CHAUTALA,BHAIRON PRASAD MISHRA,Regional,BJP,1,TRUE,16
DUSHYANT CHAUTALA,DHARMENDRA YADAV,Regional,SP,1,TRUE,16
E. T. MOHAMMED BASHEER,ANURAG SINGH THAKUR,Regional,BJP,1,TRUE,16
E. T. MOHAMMED BASHEER,ARJUNLAL MEENA,Regional,BJP,1,TRUE,17
FAGGAN SINGH KULASTE,OM BIRLA,BJP,BJP,1,FALSE,16
FAGGAN SINGH KULASTE,RAMESWAR TELI,BJP,BJP,1,FALSE,16
GAJENDRA SINGH SHEKHAWAT,PRAHLAD SINGH PATEL,BJP,BJP,1,FALSE,16
GANESH SINGH,PREM SINGH CHANDUMAJRA,BJP,Regional,1,TRUE,16
GAURAV GOGOI,AJAY NISHAD,INC,BJP,1,TRUE,16
GAURAV GOGOI,BADRUDDIN AJMAL,INC,Regional,1,TRUE,17
GAURAV GOGOI,BALABHADRA MAJHI,INC,BJP,1,TRUE,16
GAURAV GOGOI,DEEPAK BAIJ,INC,INC,1,FALSE,17
GAURAV GOGOI,DUSHYANT CHAUTALA,INC,Regional,1,TRUE,16
GAURAV GOGOI,MAHESH SAHOO,INC,Regional,1,TRUE,17
GAURAV GOGOI,SHARAD TRIPATHI,INC,BJP,1,TRUE,16
GAURAV GOGOI,VIJAY KUMAR HANSDAK,INC,Regional,1,TRUE,16
GEORGE BAKER,ANIL SHIROLE,BJP,BJP,1,FALSE,16
GEORGE BAKER,KALYAN BANERJEE,BJP,INC,1,TRUE,16
GEORGE BAKER,PREM SINGH CHANDUMAJRA,BJP,Regional,1,TRUE,16
GODDETI MADHAVI,BEESETTI VENKATA SATYAVATHI,INC,INC,1,FALSE,17
GODDETI MADHAVI,KOTAGIRI SRIDHAR,INC,INC,1,FALSE,17
GODDETI MADHAVI,LAVU SRI KRISHNA DEVARAYALU,INC,TDP,1,TRUE,17
GODDETI MADHAVI,MAGUNTA SREENIVASULU REDDY,INC,TDP,1,TRUE,17
GOKARAJU GANGA RAJU,DEEPENDER SINGH HOODA,BJP,INC,1,TRUE,16
GOKARAJU GANGA RAJU,KONAKALLA NARAYANA RAO,BJP,TDP,1,TRUE,16
GOKARAJU GANGA RAJU,RAVINDRA KUMAR PANDEY,BJP,BJP,1,FALSE,16
GOPAL JEE THAKUR,RAM KRIPAL YADAV,BJP,BJP,1,FALSE,17
GOPAL JEE THAKUR,RAMA DEVI,BJP,BJP,1,FALSE,17
GOPAL JEE THAKUR,SUNIL KUMAR PINTU,BJP,JDU,1,TRUE,17
HARI MANJHI,KANWAR SINGH TANWAR,BJP,BJP,1,FALSE,16
HARI OM PANDEY,MAMTAZ SANGHAMITA,BJP,INC,1,TRUE,16
HARI OM PANDEY,NARANBHAI KACHHADIA,BJP,BJP,1,FALSE,16
HARI OM PANDEY,SHARAD TRIPATHI,BJP,BJP,1,FALSE,16
HARINDER SINGH KHALSA,RAMESH CHANDER KAUSHIK,AAP,BJP,1,TRUE,16
HARIOM SINGH RATHORE,AJAY NISHAD,BJP,BJP,1,FALSE,16
HARIOM SINGH RATHORE,BOORA NARSAIAH GOUD,BJP,Regional,1,TRUE,16
HARIOM SINGH RATHORE,JAGDAMBIKA PAL,BJP,BJP,1,FALSE,16
HARIOM SINGH RATHORE,SUNIL KUMAR SINGH,BJP,BJP,1,FALSE,16
HARIOM SINGH RATHORE,VIRENDRA KUMAR,BJP,BJP,1,FALSE,16
HARISH DWIVEDI,BHAIRON PRASAD MISHRA,BJP,BJP,1,FALSE,16
HARISH DWIVEDI,SHIVKUMAR CHANABASAPPA UDASI,BJP,BJP,1,FALSE,16
HEMANT PATIL,SUNIL KUMAR SINGH,Shiv Sena,BJP,1,TRUE,17
HIBI EDEN,M. K. RAGHAVAN,INC,INC,1,FALSE,17
JAGANNATH SARKAR,MANNE SRINIVAS REDDY,BJP,Regional,1,TRUE,17
JAGDAMBIKA PAL,FAGGAN SINGH KULASTE,BJP,BJP,1,FALSE,16
JAGDAMBIKA PAL,NISHIKANT DUBEY,BJP,BJP,1,FALSE,16
JAGDAMBIKA PAL,PRATAPRAO GANPATRAO JADHAV,BJP,Shiv Sena,1,TRUE,16
JANAK RAM,ANIRUDHAN SAMPATH,BJP,Left,1,TRUE,16
JANAK RAM,BHARAT SINGH,BJP,BJP,1,FALSE,16
JANAK RAM,DUSHYANT CHAUTALA,BJP,Regional,1,TRUE,16
JANAK RAM,VISHNU DAYAL RAM,BJP,BJP,1,FALSE,16
JANARDAN SINGH SIGRIWAL,ABHISHEK SINGH,BJP,BJP,1,FALSE,16
JANARDAN SINGH SIGRIWAL,DHARMENDRA YADAV,BJP,SP,1,TRUE,16
JANARDAN SINGH SIGRIWAL,DUSHYANT SINGH,BJP,BJP,1,FALSE,17
JANARDAN SINGH SIGRIWAL,QUEEN OJA,BJP,BJP,1,FALSE,17
JANARDAN SINGH SIGRIWAL,RAM TAHAL CHOUDHARY,BJP,BJP,1,FALSE,16
JANARDAN SINGH SIGRIWAL,RAMESH CHANDER KAUSHIK,BJP,BJP,1,FALSE,16
JASKAUR MEENA,CHUNNI LAL SAHU,BJP,BJP,1,FALSE,17
JASVANTSINH SUMANBHAI BHABHOR,SAKUNTALA LAGURI,BJP,Regional,1,TRUE,16
JAY PRAKASH NARAYAN YADAV,BHAGIRATH PRASAD,RJD,BJP,1,TRUE,16
JAY PRAKASH NARAYAN YADAV,PINAKI MISRA,RJD,Regional,1,TRUE,16
JAYANTA KUMAR ROY,BHOLA SINGH,BJP,BJP,1,FALSE,17
JAYANTA KUMAR ROY,KIRIT PREMJIBHAI SOLANKI,BJP,BJP,1,FALSE,17
JAYANTA KUMAR ROY,VINOD KUMAR SONKAR,BJP,BJP,1,FALSE,17
JUAL ORAM,CHANDESHWAR PRASAD,BJP,JDU,1,TRUE,17
JUGAL KISHORE SHARMA,NISHIKANT DUBEY,BJP,BJP,1,FALSE,16
JUGAL KISHORE SHARMA,PRADEEP KUMAR SINGH,BJP,BJP,1,FALSE,17
JUGAL KISHORE SHARMA,RAMESH CHANDER KAUSHIK,BJP,BJP,1,FALSE,17
JYOTI DHURVE,VIRENDRA KUMAR,BJP,BJP,1,FALSE,16
JYOTIRMAY SINGH MAHATO,LOCKET CHATTERJEE,BJP,BJP,1,FALSE,17
JYOTIRMAY SINGH MAHATO,MANOJ RAJORIA,BJP,BJP,1,FALSE,17
JYOTIRMAY SINGH MAHATO,POCHA BRAHMANANDA REDDY,BJP,INC,1,TRUE,17
K. C. VENUGOPAL,GOKARAJU GANGA RAJU,INC,BJP,1,TRUE,16
K. C. VENUGOPAL,SANJAY SHAMRAO DHOTRE,INC,BJP,1,TRUE,16
K. MURALEEDHARAN,A. CHELLAKUMAR,INC,INC,1,FALSE,17
K. MURALEEDHARAN,DEEPAK BAIJ,INC,INC,1,FALSE,17
K. MURALEEDHARAN,SAJDA AHMED,INC,INC,1,FALSE,17
K. MURALEEDHARAN,SHASHI THAROOR,INC,INC,1,FALSE,17
KALIKESH NARAYAN SINGH DEO,ARJUN RAM MEGHWAL,Regional,BJP,1,TRUE,16
KALIKESH NARAYAN SINGH DEO,JAGDAMBIKA PAL,Regional,BJP,1,TRUE,16
KALIKESH NARAYAN SINGH DEO,RAKESH SINGH,Regional,BJP,1,TRUE,16
KAMLA DEVI PATLE,ABHISHEK SINGH,BJP,BJP,1,FALSE,16
KAMLA DEVI PATLE,NISHIKANT DUBEY,BJP,BJP,1,FALSE,16
KANWAR SINGH TANWAR,DUSHYANT CHAUTALA,BJP,Regional,1,TRUE,16
KANWAR SINGH TANWAR,SANKAR PRASAD DATTA,BJP,Left,1,TRUE,16
KAUSHAL KISHORE,VIRENDRA KUMAR,BJP,BJP,1,FALSE,16
KAUSHALENDRA KUMAR,NARENDRA KUMAR,JDU,BJP,1,TRUE,17
KAUSHALENDRA KUMAR,RAJESH RANJAN (PAPPU YADAV),JDU,RJD,1,TRUE,16
KAUSHALENDRA KUMAR,SANTOSH KUMAR,JDU,JDU,1,FALSE,17
KAUSHALENDRA KUMAR,SATYADEV PACHAURI,JDU,BJP,1,TRUE,17
KAUSHALENDRA KUMAR,VIRENDRA KUMAR,JDU,BJP,1,TRUE,16
KAUSHALENDRA KUMAR,VISHNU DAYAL RAM,JDU,BJP,1,TRUE,16
KESHARI DEVI PATEL,VIJAY BAGHEL,BJP,BJP,1,FALSE,17
KHAGEN MURMU,NIHAL CHAND CHAUHAN,BJP,BJP,1,FALSE,17
KHAGEN MURMU,SHANKAR LALWANI,BJP,BJP,1,FALSE,17
KHAGEN MURMU,SUKANTA MAJUMDAR,BJP,BJP,1,FALSE,17
KHAGEN MURMU,VINOD KUMAR SONKAR,BJP,BJP,1,FALSE,17
KINJARAPU RAM MOHAN NAIDU,Y. S. AVINASH REDDY,TDP,INC,1,TRUE,17
KIRIT PREMJIBHAI SOLANKI,KINJARAPU RAM MOHAN NAIDU,BJP,TDP,1,TRUE,16
KIRIT PREMJIBHAI SOLANKI,MAUSAM NOOR,BJP,INC,1,TRUE,16
KIRRON KHER,KONAKALLA NARAYANA RAO,BJP,TDP,1,TRUE,16
KIRRON KHER,NIHAL CHAND CHAUHAN,BJP,BJP,1,FALSE,17
KIRRON KHER,NISHIKANT DUBEY,BJP,BJP,1,FALSE,16
KIRRON KHER,SAVITRI THAKUR,BJP,BJP,1,FALSE,16
KIRRON KHER,SUSHIL KUMAR SINGH,BJP,BJP,1,FALSE,16
KIRTI VARDHAN SINGH,S. RAMALINGAM,BJP,DMK,1,TRUE,17
KISHAN KAPOOR,ARUN KUMAR SAGAR,BJP,BJP,1,FALSE,17
KONDA VISHWESHWAR REDDY,HARISH DWIVEDI,BJP,BJP,1,FALSE,16
KOTAGIRI SRIDHAR,BEESETTI VENKATA SATYAVATHI,INC,INC,1,FALSE,17
KOTAGIRI SRIDHAR,CHINTA ANURADHA,INC,INC,1,FALSE,17
KOTAGIRI SRIDHAR,MAGUNTA SREENIVASULU REDDY,INC,TDP,1,TRUE,17
KOTAGIRI SRIDHAR,POCHA BRAHMANANDA REDDY,INC,INC,1,FALSE,17
KOTAGIRI SRIDHAR,PRADEEP KUMAR SINGH,INC,BJP,1,TRUE,17
KOTAGIRI SRIDHAR,SARMISTHA SETHI,INC,Regional,1,TRUE,17
KRISHNA PAL SINGH YADAV,PRATAP CHANDRA SARANGI,BJP,BJP,1,FALSE,17
KRISHNA PAL SINGH YADAV,SHRIKANT EKNATH SHINDE,BJP,Shiv Sena,1,TRUE,17
KRUPAL BALAJI TUMANE,DUSHYANT SINGH,Shiv Sena,BJP,1,TRUE,16
KRUPAL BALAJI TUMANE,LALLU SINGH,Shiv Sena,BJP,1,TRUE,16
KRUPAL BALAJI TUMANE,M. K. RAGHAVAN,Shiv Sena,INC,1,TRUE,16
KRUPAL BALAJI TUMANE,MANOJ RAJORIA,Shiv Sena,BJP,1,TRUE,16
KRUPAL BALAJI TUMANE,NABA KUMAR SARANIA,Shiv Sena,Independent,1,TRUE,16
KRUPAL BALAJI TUMANE,SANTOSH AHLAWAT,Shiv Sena,BJP,1,TRUE,16
KRUPAL BALAJI TUMANE,SATYA PAL SINGH,Shiv Sena,BJP,1,TRUE,16
KULAMANI SAMAL,KAMLA DEVI PATLE,Regional,BJP,1,TRUE,16
KULAMANI SAMAL,VIJAY KUMAR HANSDAK,Regional,Regional,1,FALSE,16
KULDEEP RAI SHARMA,DEAN KURIAKOSE,INC,INC,1,FALSE,17
KULDEEP RAI SHARMA,MANJULATA MANDAL,INC,Regional,1,TRUE,17
KURUVA GORANTLA MADHAV,CHINTA ANURADHA,INC,INC,1,FALSE,17
KURUVA GORANTLA MADHAV,KOTAGIRI SRIDHAR,INC,INC,1,FALSE,17
KURUVA GORANTLA MADHAV,MADDILA GURUMOORTHY,INC,INC,1,FALSE,17
KURUVA GORANTLA MADHAV,TALARI RANGAIAH,INC,INC,1,FALSE,17
LAKHAN LAL SAHU,BANSHILAL MAHTO,BJP,BJP,1,FALSE,16
LAKHAN LAL SAHU,VIKRAM USENDI,BJP,BJP,1,FALSE,16
LALLU SINGH,ARJUN RAM MEGHWAL,BJP,BJP,1,FALSE,16
LALLU SINGH,DIPSINH SHANKARSINH RATHOD,BJP,BJP,1,FALSE,17
LALLU SINGH,JANARDAN MISHRA,BJP,BJP,1,FALSE,17
LALLU SINGH,LAXMI NARAYAN YADAV,BJP,BJP,1,FALSE,16
LALLU SINGH,LOCKET CHATTERJEE,BJP,BJP,1,FALSE,17
LALLU SINGH,OM PRAKASH YADAV,BJP,BJP,1,FALSE,16
LALLU SINGH,SUNIL KUMAR SINGH,BJP,BJP,1,FALSE,16
LALLU SINGH,TAPIR GAO,BJP,BJP,1,FALSE,17
LAVU SRI KRISHNA DEVARAYALU,ADALA PRABHAKARA REDDY,TDP,INC,1,TRUE,17
LAVU SRI KRISHNA DEVARAYALU,MAGUNTA SREENIVASULU REDDY,TDP,TDP,1,FALSE,17
LAXMAN GILUWA,GAURAV GOGOI,BJP,INC,1,TRUE,16
LAXMAN GILUWA,SAKUNTALA LAGURI,BJP,Regional,1,TRUE,16
LAXMI NARAYAN YADAV,ASADUDDIN OWAISI,BJP,Regional,1,TRUE,16
LAXMI NARAYAN YADAV,DUSHYANT CHAUTALA,BJP,Regional,1,TRUE,16
LOCKET CHATTERJEE,DILESHWAR KAMAIT,BJP,JDU,1,TRUE,17
LOCKET CHATTERJEE,JUGAL KISHORE SHARMA,BJP,BJP,1,FALSE,17
LOCKET CHATTERJEE,SUKHBIR SINGH JAUNAPURIA,BJP,BJP,1,FALSE,17
M. B. RAJESH,KIRIT SOMAIYA,Left,BJP,1,TRUE,16
M. B. RAJESH,SUSHMITA DEV,Left,INC,1,TRUE,16
M. K. RAGHAVAN,ADOOR PRAKASH,INC,INC,1,FALSE,17
M. K. RAGHAVAN,DEEPAK BAIJ,INC,INC,1,FALSE,17
M. K. RAGHAVAN,K. C. VENUGOPAL,INC,INC,1,FALSE,16
M. K. RAGHAVAN,PINAKI MISRA,INC,Regional,1,TRUE,16
M. K. RAGHAVAN,RAVINDRA KUSHAWAHA,INC,BJP,1,TRUE,17
MADDILA GURUMOORTHY,SAPTAGIRI SANKAR ULAKA,INC,INC,1,FALSE,17
MAGUNTA SREENIVASULU REDDY,CHINTA ANURADHA,TDP,INC,1,TRUE,17
MAGUNTA SREENIVASULU REDDY,POCHA BRAHMANANDA REDDY,TDP,INC,1,TRUE,17
MAHABALI SINGH,RAMESH BIDHURI,JDU,BJP,1,TRUE,17
MAHEISH GIRRI,VISHNU DAYAL RAM,BJP,BJP,1,FALSE,16
MAHENDRA NATH PANDEY,VINOD KUMAR BOIANAPALLI,BJP,Regional,1,TRUE,16
MAHENDRA NATH PANDEY,VIRENDRA KUMAR,BJP,BJP,1,FALSE,16
MALA ROY,APARAJITA SARANGI,INC,BJP,1,TRUE,17
MALLIKARJUN KHARGE,OM BIRLA,INC,BJP,1,TRUE,16
MANNE SRINIVAS REDDY,K. SUBBARAYAN,Regional,Left,1,TRUE,17
MANNE SRINIVAS REDDY,Y. S. AVINASH REDDY,Regional,INC,1,TRUE,17
MANOJ RAJORIA,ADHIR RANJAN CHOWDHURY,BJP,INC,1,TRUE,16
MANOJ RAJORIA,BHARAT SINGH,BJP,BJP,1,FALSE,16
MANOJ RAJORIA,BHARTRUHARI MAHTAB,BJP,BJP,1,FALSE,16
MANOJ RAJORIA,CHANDRA PRAKASH JOSHI,BJP,BJP,1,FALSE,16
MANOJ RAJORIA,DUSHYANT SINGH,BJP,BJP,1,FALSE,16
MANOJ RAJORIA,E. T. MOHAMMED BASHEER,BJP,Regional,1,TRUE,16
MANOJ RAJORIA,RAMCHARAN BOHARA,BJP,BJP,1,FALSE,16
MANOJ RAJORIA,SANTOSH AHLAWAT,BJP,BJP,1,FALSE,16
MANSHANKAR NINAMA,ARJUNLAL MEENA,BJP,BJP,1,FALSE,16
MANSHANKAR NINAMA,BHARAT SINGH,BJP,BJP,1,FALSE,16
MARGANI BHARAT,ADALA PRABHAKARA REDDY,INC,INC,1,FALSE,17
MARGANI BHARAT,POCHA BRAHMANANDA REDDY,INC,INC,1,FALSE,17
MARGANI BHARAT,SAJDA AHMED,INC,INC,1,FALSE,17
MOHAMMAD JAWED,SHOBHA KARANDLAJE,INC,BJP,1,TRUE,17
MURALI MOHAN MAGANTI,SHASHI THAROOR,TDP,INC,1,TRUE,16
NABA KUMAR SARANIA,MANOJ RAJORIA,Independent,BJP,1,TRUE,16
NABA KUMAR SARANIA,SANTOSH AHLAWAT,Independent,BJP,1,TRUE,16
NAGENDRA KUMAR PRADHAN,FAGGAN SINGH KULASTE,Regional,BJP,1,TRUE,16
NAGENDRA KUMAR PRADHAN,KALIKESH NARAYAN SINGH DEO,Regional,Regional,1,FALSE,16
NAGENDRA KUMAR PRADHAN,VIJAY KUMAR HANSDAK,Regional,Regional,1,FALSE,16
NALIN KUMAR KATEEL,DUSHYANT CHAUTALA,BJP,Regional,1,TRUE,16
NALIN KUMAR KATEEL,NITYANAND RAI,BJP,BJP,1,FALSE,16
NAMA NAGESWARA RAO,JANARDAN SINGH SIGRIWAL,Regional,BJP,1,TRUE,17
NANDI YELLAIAH,NALIN KUMAR KATEEL,INC,BJP,1,TRUE,16
NARANBHAI KACHHADIA,SUDHEER GUPTA,BJP,BJP,1,FALSE,16
NARENDRA KUMAR,VISHNU DAYAL RAM,BJP,BJP,1,FALSE,17
NINONG ERING,CHHEDI PASWAN,INC,BJP,1,TRUE,16
NINONG ERING,PRAHLAD SINGH PATEL,INC,BJP,1,TRUE,16
NINONG ERING,SANJAY JAISWAL,INC,BJP,1,TRUE,16
NISHIKANT DUBEY,E. T. MOHAMMED BASHEER,BJP,Regional,1,TRUE,16
NISHIKANT DUBEY,HARI MANJHI,BJP,BJP,1,FALSE,16
NISHIKANT DUBEY,JANARDAN SINGH SIGRIWAL,BJP,BJP,1,FALSE,17
NISHIKANT DUBEY,KESHARI DEVI PATEL,BJP,BJP,1,FALSE,17
NISHIKANT DUBEY,LALLU SINGH,BJP,BJP,1,FALSE,17
NISITH PRAMANIK,SANGEETA KUMARI SINGH DEO,BJP,BJP,1,FALSE,17
OM BIRLA,CHANDRA PRAKASH JOSHI,BJP,BJP,1,FALSE,16
OM BIRLA,KIRRON KHER,BJP,BJP,1,FALSE,16
OM BIRLA,SANJAY HARIBHAU JADHAV,BJP,Shiv Sena,1,TRUE,16
OM PRAKASH YADAV,SANTOSH AHLAWAT,BJP,BJP,1,FALSE,16
P. C. MOHAN,ABHIJIT MUKHERJEE,BJP,INC,1,TRUE,16
PALLAB LOCHAN DAS,BADRUDDIN AJMAL,BJP,Regional,1,TRUE,17
PARESH RAWAL,DIPSINH SHANKARSINH RATHOD,BJP,BJP,1,FALSE,16
PARESH RAWAL,KIRIT PREMJIBHAI SOLANKI,BJP,BJP,1,FALSE,16
PASHUPATI NATH SINGH,NINONG ERING,BJP,INC,1,TRUE,16
PASHUPATI NATH SINGH,SHER SINGH GHUBAYA,BJP,INC,1,TRUE,16
PINAKI MISRA,MAGUNTA SREENIVASULU REDDY,Regional,TDP,1,TRUE,17
PINAKI MISRA,PREM DAS RAI,Regional,Regional,1,FALSE,16
PINAKI MISRA,RAGHAV LAKHANPAL,Regional,BJP,1,TRUE,16
PINAKI MISRA,RAJIV PRATAP RUDY,Regional,BJP,1,TRUE,16
PINAKI MISRA,SUSHIL KUMAR SINGH,Regional,BJP,1,TRUE,17
POCHA BRAHMANANDA REDDY,GODDETI MADHAVI,INC,INC,1,FALSE,17
POCHA BRAHMANANDA REDDY,KOTAGIRI SRIDHAR,INC,INC,1,FALSE,17
POCHA BRAHMANANDA REDDY,LAVU SRI KRISHNA DEVARAYALU,INC,TDP,1,TRUE,17
POCHA BRAHMANANDA REDDY,MAGUNTA SREENIVASULU REDDY,INC,TDP,1,TRUE,17
PRABHAS KUMAR SINGH,KINJARAPU RAM MOHAN NAIDU,Regional,TDP,1,TRUE,16
PRAHLAD SINGH PATEL,BHAGWANTH KHUBA,BJP,BJP,1,FALSE,16
PRAHLAD SINGH PATEL,E. T. MOHAMMED BASHEER,BJP,Regional,1,TRUE,16
PRAHLAD SINGH PATEL,SHARAD BANSODE,BJP,BJP,1,FALSE,16
PRASUN BANERJEE,CHHOTELAL,INC,BJP,1,TRUE,16
PRASUN BANERJEE,K. C. VENUGOPAL,INC,INC,1,FALSE,16
PRASUN BANERJEE,SAUGATA ROY,INC,INC,1,FALSE,16
PRATAP CHANDRA SARANGI,RAMAPATI RAM TRIPATHI,BJP,BJP,1,FALSE,17
PRATAPRAO GANPATRAO JADHAV,ANURAG SINGH THAKUR,Shiv Sena,BJP,1,TRUE,16
PRATAPRAO GANPATRAO JADHAV,DUSHYANT CHAUTALA,Shiv Sena,Regional,1,TRUE,16
PRATAPRAO GANPATRAO JADHAV,LAXMI NARAYAN YADAV,Shiv Sena,BJP,1,TRUE,16
PRATAPRAO GANPATRAO JADHAV,RAM TAHAL CHOUDHARY,Shiv Sena,BJP,1,TRUE,16
PRATAPRAO GANPATRAO JADHAV,TARIQ ANWAR,Shiv Sena,INC,1,TRUE,16
PRATAPRAO JADHAV,CHANDRA SEKHAR SAHU,Shiv Sena,Regional,1,TRUE,17
PRATAPRAO JADHAV,RAVINDRA KUSHAWAHA,Shiv Sena,BJP,1,TRUE,17
PRATIMA BHOUMIK,BHAGWANTH KHUBA,BJP,BJP,1,FALSE,17
PRATIMA BHOUMIK,SUNIL KUMAR SINGH,BJP,BJP,1,FALSE,17
PRATIMA MONDAL,BHAIRON PRASAD MISHRA,INC,BJP,1,TRUE,16
PRAVEEN KUMAR NISHAD,AJAY NISHAD,BJP,BJP,1,FALSE,17
PREM DAS RAI,SANJAY JAISWAL,Regional,BJP,1,TRUE,16
PREM DAS RAI,VIRENDRA KUMAR,Regional,BJP,1,TRUE,16
PREM SINGH CHANDUMAJRA,NAGENDRA KUMAR PRADHAN,Regional,Regional,1,FALSE,16
PREM SINGH CHANDUMAJRA,RADHESHYAM BISWAS,Regional,Regional,1,FALSE,16
PUSHPENDRA SINGH CHANDEL,SHRIKANT EKNATH SHINDE,BJP,Shiv Sena,1,TRUE,17
RABINDRA KUMAR JENA,KINJARAPU RAM MOHAN NAIDU,Regional,TDP,1,TRUE,16
RABINDRA KUMAR JENA,SHIVKUMAR CHANABASAPPA UDASI,Regional,BJP,1,TRUE,16
RABINDRA KUMAR JENA,VIJAY KUMAR HANSDAK,Regional,Regional,1,FALSE,16
RADHESHYAM BISWAS,SUNIL KUMAR SINGH,Regional,BJP,1,TRUE,16
RAGHAV LAKHANPAL,SANKAR PRASAD DATTA,BJP,Left,1,TRUE,16
RAHUL GANDHI,PRATIMA MONDAL,INC,INC,1,FALSE,17
RAHUL KASWAN,RAJESH RANJAN (PAPPU YADAV),INC,RJD,1,TRUE,16
RAHUL KASWAN,UDAY PRATAP SINGH,INC,BJP,1,TRUE,16
RAJA AMARESHWARA NAIK,BHOLA SINGH,BJP,BJP,1,FALSE,17
RAJA AMARESHWARA NAIK,SUKANTA MAJUMDAR,BJP,BJP,1,FALSE,17
RAJA AMARESHWARA NAIK,VINOD KUMAR SONKAR,BJP,BJP,1,FALSE,17
RAJASHREE MALLICK,JUAL ORAM,Regional,BJP,1,TRUE,17
RAJASHREE MALLICK,MAHESH SAHOO,Regional,Regional,1,FALSE,17
RAJASHREE MALLICK,NISHIKANT DUBEY,Regional,BJP,1,TRUE,17
RAJASHREE MALLICK,RAMESH CHANDRA MAJHI,Regional,Regional,1,FALSE,17
RAJDEEP ROY,KRIPANATH MALLAH,BJP,BJP,1,FALSE,17
RAJENDRA AGRAWAL,ANIL FIROJIYA,BJP,BJP,1,FALSE,17
RAJENDRA AGRAWAL,GIRIDHARI YADAV,BJP,JDU,1,TRUE,17
RAJENDRA AGRAWAL,JAGDAMBIKA PAL,BJP,BJP,1,FALSE,17
RAJENDRA AGRAWAL,LALLU SINGH,BJP,BJP,1,FALSE,16
RAJENDRA AGRAWAL,OM BIRLA,BJP,BJP,1,FALSE,16
RAJENDRA AGRAWAL,RAHUL KASWAN,BJP,INC,1,TRUE,16
RAJENDRA AGRAWAL,RAMESH CHANDRA MAJHI,BJP,Regional,1,TRUE,17
RAJENDRA AGRAWAL,UDAY PRATAP SINGH,BJP,BJP,1,FALSE,16
RAJESH PANDEY,RAVINDRA KUMAR PANDEY,BJP,BJP,1,FALSE,16
RAJESH RANJAN (PAPPU YADAV),BHANU PRATAP SINGH VERMA,RJD,BJP,1,TRUE,16
RAJESH RANJAN (PAPPU YADAV),CHANDRA PRAKASH JOSHI,RJD,BJP,1,TRUE,16
RAJESH RANJAN (PAPPU YADAV),GAURAV GOGOI,RJD,INC,1,TRUE,16
RAJESH RANJAN (PAPPU YADAV),JAY PRAKASH NARAYAN YADAV,RJD,RJD,1,FALSE,16
RAJESH RANJAN (PAPPU YADAV),MANOJ RAJORIA,RJD,BJP,1,TRUE,16
RAJESH RANJAN (PAPPU YADAV),NINONG ERING,RJD,INC,1,TRUE,16
RAJESH VERMA,BHAGWANTH KHUBA,Regional,BJP,1,TRUE,16
RAJESH VERMA,VISHNU DAYAL RAM,Regional,BJP,1,TRUE,17
RAJIV PRATAP RUDY,KIRIT PREMJIBHAI SOLANKI,BJP,BJP,1,FALSE,16
RAJKUMAR CHAHAR,DEBASREE CHAUDHURI,BJP,BJP,1,FALSE,17
RAJMOHAN UNNITHAN,PINAKI MISRA,INC,Regional,1,TRUE,17
RAKESH SINGH,BIDYUT BARAN MAHATO,BJP,BJP,1,FALSE,16
RAKESH SINGH,KALYAN BANERJEE,BJP,INC,1,TRUE,17
RAKESH SINGH,UDAY PRATAP SINGH,BJP,BJP,1,FALSE,16
RAM KRIPAL YADAV,DINESH CHANDRA YADAV,BJP,JDU,1,TRUE,17
RAM KRIPAL YADAV,KAUSHALENDRA KUMAR,BJP,JDU,1,TRUE,17
RAM KRIPAL YADAV,RAJENDRA AGRAWAL,BJP,BJP,1,FALSE,17
RAM TAHAL CHOUDHARY,LAXMAN GILUWA,BJP,BJP,1,FALSE,16
RAM TAHAL CHOUDHARY,LAXMI NARAYAN YADAV,BJP,BJP,1,FALSE,16
RAM TAHAL CHOUDHARY,NARANBHAI KACHHADIA,BJP,BJP,1,FALSE,16
RAM TAHAL CHOUDHARY,RAMA DEVI,BJP,BJP,1,FALSE,16
RAMA DEVI,DIPSINH SHANKARSINH RATHOD,BJP,BJP,1,FALSE,16
RAMA DEVI,HARISH DWIVEDI,BJP,BJP,1,FALSE,17
RAMA DEVI,KONDA VISHWESHWAR REDDY,BJP,BJP,1,FALSE,16
RAMA DEVI,MAHABALI SINGH,BJP,JDU,1,TRUE,17
RAMA DEVI,PASHUPATI NATH SINGH,BJP,BJP,1,FALSE,17
RAMA DEVI,RAMESH CHANDER KAUSHIK,BJP,BJP,1,FALSE,17
RAMA DEVI,RANJEETA KOLI,BJP,BJP,1,FALSE,17
RAMA DEVI,RODMAL NAGAR,BJP,BJP,1,FALSE,16
RAMA DEVI,VIJAY KUMAR HANSDAK,BJP,Regional,1,TRUE,16
RAMA KISHORE SINGH,E. T. MOHAMMED BASHEER,Regional,Regional,1,FALSE,16
RAMAPATI RAM TRIPATHI,ANURAG SHARMA,BJP,BJP,1,FALSE,17
RAMAPATI RAM TRIPATHI,DEEPAK BAIJ,BJP,INC,1,TRUE,17
RAMCHARAN BOHARA,KALIKESH NARAYAN SINGH DEO,BJP,Regional,1,TRUE,16
RAMCHARAN BOHARA,RAYAPATI SAMBASIVA RAO,BJP,TDP,1,TRUE,16
RAMESH BIDHURI,JAYANT SINHA,BJP,BJP,1,FALSE,17
RAMESH BIDHURI,MUKESH RAJPUT,BJP,BJP,1,FALSE,16
RAMESH BIDHURI,SATYADEV PACHAURI,BJP,BJP,1,FALSE,17
RAMESH BIDHURI,SUKHBIR SINGH JAUNAPURIA,BJP,BJP,1,FALSE,17
RAMESH BIDHURI,Y. S. AVINASH REDDY,BJP,INC,1,TRUE,17
RAMESH CHAND BIND,UNMESH BHAIYYASAHEB PATIL,BJP,BJP,1,FALSE,17
RAMESH CHANDER KAUSHIK,ANIL FIROJIYA,BJP,BJP,1,FALSE,17
RAMESH CHANDER KAUSHIK,HANUMAN BENIWAL,BJP,Regional,1,TRUE,17
RAMESH CHANDER KAUSHIK,JUGAL KISHORE SHARMA,BJP,BJP,1,FALSE,17
RAMESH CHANDER KAUSHIK,JYOTIRMAY SINGH MAHATO,BJP,BJP,1,FALSE,17
RAMESH CHANDER KAUSHIK,KRISHNA RAJ,BJP,BJP,1,FALSE,16
RAMESH CHANDER KAUSHIK,LOCKET CHATTERJEE,BJP,BJP,1,FALSE,17
RAMESH CHANDER KAUSHIK,MANOJ RAJORIA,BJP,BJP,1,FALSE,17
RAMESH CHANDER KAUSHIK,RAJU BISTA,BJP,BJP,1,FALSE,17
RAMESH CHANDER KAUSHIK,SUBHASH PATEL,BJP,BJP,1,FALSE,16
RAMESH CHANDER KAUSHIK,VISHNU DAYAL RAM,BJP,BJP,1,FALSE,16
RAMESH CHANDRA MAJHI,MANJULATA MANDAL,Regional,Regional,1,FALSE,17
RAMESH CHANDRA MAJHI,UPENDRA SINGH RAWAT,Regional,BJP,1,TRUE,17
RAMYA HARIDAS,SUMEDHANAND SARASWATI,INC,BJP,1,TRUE,17
RANJEET RANJAN,KALIKESH NARAYAN SINGH DEO,INC,Regional,1,TRUE,16
RANJEET RANJAN,LAXMAN GILUWA,INC,BJP,1,TRUE,16
RANJEET RANJAN,NINONG ERING,INC,INC,1,FALSE,16
RANJEETA KOLI,MANOJ RAJORIA,BJP,BJP,1,FALSE,17
RANJEETA KOLI,PASHUPATI NATH SINGH,BJP,BJP,1,FALSE,17
RANJEETA KOLI,SUNIL KUMAR SINGH,BJP,BJP,1,FALSE,17
RATTAN LAL KATARIA,JAYANT SINHA,BJP,BJP,1,FALSE,17
RATTAN LAL KATARIA,PRASUN BANERJEE,BJP,INC,1,TRUE,16
RAVINDRA KUMAR PANDEY,LALLU SINGH,BJP,BJP,1,FALSE,16
RAVINDRA KUMAR PANDEY,RAVINDRA KUMAR RAY,BJP,BJP,1,FALSE,16
RAVINDRA KUMAR PANDEY,SUNIL KUMAR SINGH,BJP,BJP,1,FALSE,16
RAVINDRA KUMAR RAY,BALABHADRA MAJHI,BJP,BJP,1,FALSE,16
RAVINDRA KUMAR RAY,CHINTAMANI MALVIYA,BJP,BJP,1,FALSE,16
RAVINDRA KUMAR RAY,SANKAR PRASAD DATTA,BJP,Left,1,TRUE,16
RAVINDRA KUMAR RAY,SHER SINGH GHUBAYA,BJP,INC,1,TRUE,16
RAVINDRA KUSHAWAHA,AJAY NISHAD,BJP,BJP,1,FALSE,16
RAVINDRA KUSHAWAHA,KHAGEN MURMU,BJP,BJP,1,FALSE,17
RAVINDRA KUSHAWAHA,LALLU SINGH,BJP,BJP,1,FALSE,17
RAVINDRA KUSHAWAHA,RAM TAHAL CHOUDHARY,BJP,BJP,1,FALSE,16
RAVINDRA KUSHAWAHA,SANJAY BHATIA,BJP,BJP,1,FALSE,17
RAVINDRA KUSHAWAHA,VISHNU DAYAL RAM,BJP,BJP,1,FALSE,17
RAYAPATI SAMBASIVA RAO,ADHIR RANJAN CHOWDHURY,TDP,INC,1,TRUE,16
RAYAPATI SAMBASIVA RAO,ANIRUDHAN SAMPATH,TDP,Left,1,TRUE,16
RAYAPATI SAMBASIVA RAO,ANTO ANTONY,TDP,INC,1,TRUE,16
REBATI TRIPURA,ANURAG SHARMA,BJP,BJP,1,FALSE,17
REBATI TRIPURA,C.N. ANNADURAI,BJP,DMK,1,TRUE,17
REBATI TRIPURA,MAHABALI SINGH,BJP,JDU,1,TRUE,17
REBATI TRIPURA,SANDHYA RAY,BJP,BJP,1,FALSE,17
REBATI TRIPURA,SANTOSH KUMAR,BJP,JDU,1,TRUE,17
RITA BAHUGUNA JOSHI,DINESH CHANDRA YADAV,BJP,JDU,1,TRUE,17
RITA BAHUGUNA JOSHI,PRATAPRAO JADHAV,BJP,Shiv Sena,1,TRUE,17
RITA BAHUGUNA JOSHI,SHRIKANT EKNATH SHINDE,BJP,Shiv Sena,1,TRUE,17
RITA BAHUGUNA JOSHI,UNMESH BHAIYYASAHEB PATIL,BJP,BJP,1,FALSE,17
RITA TARAI,BALABHADRA MAJHI,Regional,BJP,1,TRUE,16
RITA TARAI,NAGENDRA KUMAR PRADHAN,Regional,Regional,1,FALSE,16
RITA TARAI,SHOBHA KARANDLAJE,Regional,BJP,1,TRUE,16
RITI PATHAK,ANIRUDHAN SAMPATH,BJP,Left,1,TRUE,16
RITI PATHAK,DILESHWAR KAMAIT,BJP,JDU,1,TRUE,17
RITI PATHAK,LOCKET CHATTERJEE,BJP,BJP,1,FALSE,17
RITI PATHAK,NISHIKANT DUBEY,BJP,BJP,1,FALSE,16
RITI PATHAK,SHANKAR LALWANI,BJP,BJP,1,FALSE,17
RITI PATHAK,SUNIL KUMAR PINTU,BJP,JDU,1,TRUE,17
RODMAL NAGAR,CHANDRA PRAKASH JOSHI,BJP,BJP,1,FALSE,17
RODMAL NAGAR,DUSHYANT CHAUTALA,BJP,Regional,1,TRUE,16
RODMAL NAGAR,GAURAV GOGOI,BJP,INC,1,TRUE,16
RODMAL NAGAR,OM PRAKASH YADAV,BJP,BJP,1,FALSE,16
RODMAL NAGAR,RAKESH SINGH,BJP,BJP,1,FALSE,16
RODMAL NAGAR,SUMEDHANAND SARASWATI,BJP,BJP,1,FALSE,16
RODMAL NAGAR,TAPIR GAO,BJP,BJP,1,FALSE,17
RODMAL NAGAR,VINOD KUMAR BOIANAPALLI,BJP,Regional,1,TRUE,16
S. RAMALINGAM,T. R. PAARIVENDHAR,DMK,DMK,1,FALSE,17
S. VENKATESAN,KAMLESH PASWAN,Left,BJP,1,TRUE,17
SADHU SINGH,PREM SINGH CHANDUMAJRA,AAP,Regional,1,TRUE,16
SAJDA AHMED,ALOK KUMAR SUMAN,INC,JDU,1,TRUE,17
SAJDA AHMED,DUSHYANT SINGH,INC,BJP,1,TRUE,17
SAJDA AHMED,KANIMOZHI KARUNANIDHI,INC,DMK,1,TRUE,17
SAJDA AHMED,PRASUN BANERJEE,INC,INC,1,FALSE,16
SAJDA AHMED,SARMISTHA SETHI,INC,Regional,1,TRUE,17
SANDHYA RAY,KRISHNA PAL SINGH YADAV,BJP,BJP,1,FALSE,17
SANDHYA RAY,REBATI TRIPURA,BJP,BJP,1,FALSE,17
SANGEETA KUMARI SINGH DEO,BHOLA SINGH,BJP,BJP,1,FALSE,17
SANGEETA KUMARI SINGH DEO,SUNITA DUGGAL,BJP,BJP,1,FALSE,17
SANGEETA KUMARI SINGH DEO,VINOD KUMAR SONKAR,BJP,BJP,1,FALSE,17
SANJAY JAISWAL,KOTAGIRI SRIDHAR,BJP,INC,1,TRUE,17
SANJAY JAISWAL,KRUPAL BALAJI TUMANE,BJP,Shiv Sena,1,TRUE,16
SANJAY SETH,C.N. ANNADURAI,BJP,DMK,1,TRUE,17
SANJAY SHAMRAO DHOTRE,ANIRUDHAN SAMPATH,BJP,Left,1,TRUE,16
SANJAY SHAMRAO DHOTRE,JAGDAMBIKA PAL,BJP,BJP,1,FALSE,16
SANJAY SHAMRAO DHOTRE,PREM SINGH CHANDUMAJRA,BJP,Regional,1,TRUE,16
SANJAY SHAMRAO DHOTRE,RAMESWAR TELI,BJP,BJP,1,FALSE,16
SANJAY SHAMRAO DHOTRE,VISHNU DAYAL RAM,BJP,BJP,1,FALSE,16
SANJEEV KUMAR BALYAN,NISHIKANT DUBEY,BJP,BJP,1,FALSE,16
SANKAR PRASAD DATTA,PINAKI MISRA,Left,Regional,1,TRUE,16
SANKAR PRASAD DATTA,RAJ KUMAR SAINI,Left,BJP,1,TRUE,16
SANTOKH SINGH CHAUDHARY,SANJAY JAISWAL,INC,BJP,1,TRUE,17
SANTOKH SINGH CHAUDHARY,SANTOSH PANDEY,INC,BJP,1,TRUE,17
SANTOSH KUMAR,DINESH CHANDRA YADAV,JDU,JDU,1,FALSE,17
SANTOSH KUMAR,JYOTI DHURVE,JDU,BJP,1,TRUE,16
SANTOSH KUMAR,KAUSHALENDRA KUMAR,JDU,JDU,1,FALSE,17
SANTOSH KUMAR,MAMTAZ SANGHAMITA,JDU,INC,1,TRUE,16
SANTOSH KUMAR,REBATI TRIPURA,JDU,BJP,1,TRUE,17
SARMISTHA SETHI,GUMAN SINGH DAMOR,Regional,BJP,1,TRUE,17
SATISH CHANDRA DUBEY,LAKHAN LAL SAHU,BJP,BJP,1,FALSE,16
SATYA PAL SINGH,CHANDRA PRAKASH JOSHI,BJP,BJP,1,FALSE,17
SATYA PAL SINGH,SUMEDHANAND SARASWATI,BJP,BJP,1,FALSE,16
SATYADEV PACHAURI,KAUSHALENDRA KUMAR,BJP,JDU,1,TRUE,17
SATYADEV PACHAURI,PRADEEP KUMAR SINGH,BJP,BJP,1,FALSE,17
SAUGATA ROY,KULAMANI SAMAL,INC,Regional,1,TRUE,16
SAUGATA ROY,MAHEISH GIRRI,INC,BJP,1,TRUE,16
SAUGATA ROY,RODMAL NAGAR,INC,BJP,1,TRUE,16
SHANKAR LALWANI,P. RAVINDHRANATH,BJP,Independent,1,TRUE,17
SHANKAR LALWANI,QUEEN OJA,BJP,BJP,1,FALSE,17
SHARAD TRIPATHI,K. C. VENUGOPAL,BJP,INC,1,TRUE,16
SHASHI THAROOR,NINONG ERING,INC,INC,1,FALSE,16
SHASHI THAROOR,SAUGATA ROY,INC,INC,1,FALSE,16
SHER SINGH GHUBAYA,SUDHEER GUPTA,INC,BJP,1,TRUE,16
SHIVKUMAR CHANABASAPPA UDASI,ALOK SANJAR,BJP,BJP,1,FALSE,16
SHOBHA KARANDLAJE,TATHAGATA SATPATHY,BJP,Regional,1,TRUE,16
SHRIKANT EKNATH SHINDE,DHARMENDRA YADAV,Shiv Sena,SP,1,TRUE,16
SHRIKANT EKNATH SHINDE,DURGA DAS UIKEY,Shiv Sena,BJP,1,TRUE,17
SHRIKANT EKNATH SHINDE,NAGENDRA KUMAR PRADHAN,Shiv Sena,Regional,1,TRUE,16
SHRIKANT EKNATH SHINDE,RAMA DEVI,Shiv Sena,BJP,1,TRUE,16
SHRIKANT EKNATH SHINDE,RITA BAHUGUNA JOSHI,Shiv Sena,BJP,1,TRUE,17
SUBHASH PATEL,RITI PATHAK,BJP,BJP,1,FALSE,16
SUDHEER GUPTA,CHANDRA PRAKASH JOSHI,BJP,BJP,1,FALSE,17
SUDHEER GUPTA,DHARMENDRA YADAV,BJP,SP,1,TRUE,16
SUDHEER GUPTA,MAUSAM NOOR,BJP,INC,1,TRUE,16
SUKANTA MAJUMDAR,BHOLA SINGH,BJP,BJP,1,FALSE,17
SUKANTA MAJUMDAR,JAYANTA KUMAR ROY,BJP,BJP,1,FALSE,17
SUKANTA MAJUMDAR,KRIPANATH MALLAH,BJP,BJP,1,FALSE,17
SUKHBIR SINGH JAUNAPURIA,THOMAS CHAZHIKADAN,BJP,INC,1,TRUE,17
SUMEDHANAND SARASWATI,SATYA PAL SINGH,BJP,BJP,1,FALSE,17
SUMEDHANAND SARASWATI,SUKHBIR SINGH JAUNAPURIA,BJP,BJP,1,FALSE,17
SUNIL BABURAO MENDHE,DULAL CHANDRA GOSWAMI,BJP,JDU,1,TRUE,17
SUNIL KUMAR PINTU,MAHABALI SINGH,JDU,JDU,1,FALSE,17
SUNIL KUMAR PINTU,RODMAL NAGAR,JDU,BJP,1,TRUE,17
SUNIL KUMAR SINGH,ANOOP MISHRA,BJP,BJP,1,FALSE,16
SUNIL KUMAR SINGH,CHANDRA PRAKASH JOSHI,BJP,BJP,1,FALSE,17
SUNIL KUMAR SINGH,E. T. MOHAMMED BASHEER,BJP,Regional,1,TRUE,16
SUNIL KUMAR SINGH,KHAGEN MURMU,BJP,BJP,1,FALSE,17
SUNIL KUMAR SINGH,POONAM MAHAJAN,BJP,BJP,1,FALSE,16
SUNIL KUMAR SINGH,RAVINDRA KUMAR RAY,BJP,BJP,1,FALSE,16
SUNIL KUMAR SINGH,VINOD KUMAR BOIANAPALLI,BJP,Regional,1,TRUE,16
SUNIL KUMAR SINGH,VISHNU DAYAL RAM,BJP,BJP,1,FALSE,16
SUNITA DUGGAL,CHANDRA SEKHAR SAHU,BJP,Regional,1,TRUE,17
SUSHIL KUMAR SINGH,CHINTA ANURADHA,BJP,INC,1,TRUE,17
SUSHIL KUMAR SINGH,PINAKI MISRA,BJP,Regional,1,TRUE,17
SUSHIL KUMAR SINGH,RAVINDRA KUMAR PANDEY,BJP,BJP,1,FALSE,16
SUSHIL KUMAR SINGH,SAUGATA ROY,BJP,INC,1,TRUE,16
SUSHIL KUMAR SINGH,SUDARSHAN BHAGAT,BJP,BJP,1,FALSE,17
SUSHIL KUMAR SINGH,SUMEDHANAND SARASWATI,BJP,BJP,1,FALSE,16
SUSHMITA DEV,ASADUDDIN OWAISI,INC,Regional,1,TRUE,16
SUSHMITA DEV,KANWAR SINGH TANWAR,INC,BJP,1,TRUE,16
SUSHMITA DEV,P. KARUNAKARAN,INC,Left,1,TRUE,16
SUSHMITA DEV,RABINDRA KUMAR JENA,INC,Regional,1,TRUE,16
SUSHMITA DEV,RAJESH RANJAN (PAPPU YADAV),INC,RJD,1,TRUE,16
SUSHMITA DEV,SANTOSH AHLAWAT,INC,BJP,1,TRUE,16
SUSHMITA DEV,THOKCHOM MEINYA,INC,INC,1,FALSE,16
T. R. PAARIVENDHAR,CHANDRA SEKHAR SAHU,DMK,Regional,1,TRUE,17
T. R. PAARIVENDHAR,KOTAGIRI SRIDHAR,DMK,INC,1,TRUE,17
T. R. PAARIVENDHAR,RAM KRIPAL YADAV,DMK,BJP,1,TRUE,17
TAPIR GAO,LALLU SINGH,BJP,BJP,1,FALSE,17
THOKCHOM MEINYA,ALOK SANJAR,INC,BJP,1,TRUE,16
TIRATH SINGH RAWAT,SANJAY JAISWAL,BJP,BJP,1,FALSE,17
TIRATH SINGH RAWAT,T. R. PAARIVENDHAR,BJP,DMK,1,TRUE,17
UDAY PRATAP SINGH,BODH SINGH BHAGAT,BJP,BJP,1,FALSE,16
UDAY PRATAP SINGH,RODMAL NAGAR,BJP,BJP,1,FALSE,17
UDIT RAJ,MALLIKARJUN KHARGE,BJP,INC,1,TRUE,16
UNMESH BHAIYYASAHEB PATIL,SHRIKANT EKNATH SHINDE,BJP,Shiv Sena,1,TRUE,17
UPENDRA SINGH RAWAT,RAMESH BIDHURI,BJP,BJP,1,FALSE,17
VEENA DEVI,RAHUL KASWAN,Regional,INC,1,TRUE,16
VIJAY BAGHEL,MOHAN MANDAVI,BJP,BJP,1,FALSE,17
VIJAY BAGHEL,SUNIL KUMAR SONI,BJP,BJP,1,FALSE,17
VIJAY KUMAR DUBEY,C.N. ANNADURAI,BJP,DMK,1,TRUE,17
VIJAY KUMAR HANSDAK,LAXMAN GILUWA,Regional,BJP,1,TRUE,16
VIJAY KUMAR HANSDAK,RAMA DEVI,Regional,BJP,1,TRUE,16
VIJAY KUMAR HANSDAK,VINOD KUMAR BOIANAPALLI,Regional,Regional,1,FALSE,16
VIKRAM USENDI,HARIOM SINGH RATHORE,BJP,BJP,1,FALSE,16
VINOD KUMAR BOIANAPALLI,ARJUN RAM MEGHWAL,Regional,BJP,1,TRUE,16
VINOD KUMAR BOIANAPALLI,JYOTI DHURVE,Regional,BJP,1,TRUE,16
VINOD KUMAR BOIANAPALLI,OM BIRLA,Regional,BJP,1,TRUE,16
VINOD KUMAR SONKAR,BHARTRUHARI MAHTAB,BJP,BJP,1,FALSE,16
VINOD KUMAR SONKAR,RAJA AMARESHWARA NAIK,BJP,BJP,1,FALSE,17
VINOD KUMAR SONKAR,UDIT RAJ,BJP,BJP,1,FALSE,16
VIRENDRA KUMAR,KALIKESH NARAYAN SINGH DEO,BJP,Regional,1,TRUE,16
VIRENDRA KUMAR,PRATIMA BHOUMIK,BJP,BJP,1,FALSE,17
VISHNU DAYAL RAM,BHARAT SINGH,BJP,BJP,1,FALSE,16
VISHNU DAYAL RAM,GAJENDRA SINGH SHEKHAWAT,BJP,BJP,1,FALSE,16
VISHNU DAYAL RAM,JANARDAN MISHRA,BJP,BJP,1,FALSE,16
VISHNU DAYAL RAM,KALIKESH NARAYAN SINGH DEO,BJP,Regional,1,TRUE,16
VISHNU DAYAL RAM,NITESH GANGA DEB,BJP,BJP,1,FALSE,17
VISHNU DAYAL RAM,RANJANBEN DHANANJAY BHATT,BJP,BJP,1,FALSE,17
Y. S. AVINASH REDDY,ADOOR PRAKASH,INC,INC,1,FALSE,17
Y. S. AVINASH REDDY,BHARTRUHARI MAHTAB,INC,BJP,1,TRUE,17
Y. S. AVINASH REDDY,DUSHYANT SINGH,INC,BJP,1,TRUE,16
Y. S. AVINASH REDDY,JANARDAN MISHRA,INC,BJP,1,TRUE,16
Y. S. AVINASH REDDY,JASKAUR MEENA,INC,BJP,1,TRUE,17
Y. S. AVINASH REDDY,MAGUNTA SREENIVASULU REDDY,INC,TDP,1,TRUE,17
