doc,word,n,tf,idf,tf_idf
Supriya Sule,dfccil,5,0.0010757314974182443,0.6931471805599453,7.45640254474984e-4
Supriya Sule,responded,4,8.605851979345956e-4,0.6931471805599453,5.965122035799874e-4
Supriya Sule,affidavit,3,6.454388984509467e-4,0.6931471805599453,4.473841526849905e-4
Supriya Sule,oxytocin,3,6.454388984509467e-4,0.6931471805599453,4.473841526849905e-4
Supriya Sule,questionnaire,3,6.454388984509467e-4,0.6931471805599453,4.473841526849905e-4
Supriya Sule,reclassification,3,6.454388984509467e-4,0.6931471805599453,4.473841526849905e-4
Supriya Sule,compliances,2,4.302925989672978e-4,0.6931471805599453,2.982561017899937e-4
Supriya Sule,explosive,2,4.302925989672978e-4,0.6931471805599453,2.982561017899937e-4
Supriya Sule,obviated,2,4.302925989672978e-4,0.6931471805599453,2.982561017899937e-4
Supriya Sule,refiners,2,4.302925989672978e-4,0.6931471805599453,2.982561017899937e-4
Supriya Sule,rndian,2,4.302925989672978e-4,0.6931471805599453,2.982561017899937e-4
Supriya Sule,suzuki,2,4.302925989672978e-4,0.6931471805599453,2.982561017899937e-4
Supriya Sule,accenture,1,2.151462994836489e-4,0.6931471805599453,1.4912805089499685e-4
Supriya Sule,availabili,1,2.151462994836489e-4,0.6931471805599453,1.4912805089499685e-4
Supriya Sule,buirding,1,2.151462994836489e-4,0.6931471805599453,1.4912805089499685e-4
Supriya Sule,castings,1,2.151462994836489e-4,0.6931471805599453,1.4912805089499685e-4
Supriya Sule,cautionary,1,2.151462994836489e-4,0.6931471805599453,1.4912805089499685e-4
Supriya Sule,checklist,1,2.151462994836489e-4,0.6931471805599453,1.4912805089499685e-4
Supriya Sule,colonization,1,2.151462994836489e-4,0.6931471805599453,1.4912805089499685e-4
Supriya Sule,curtailing,1,2.151462994836489e-4,0.6931471805599453,1.4912805089499685e-4
Supriya Sule,deboarding,1,2.151462994836489e-4,0.6931471805599453,1.4912805089499685e-4
Supriya Sule,forgings,1,2.151462994836489e-4,0.6931471805599453,1.4912805089499685e-4
Supriya Sule,genset,1,2.151462994836489e-4,0.6931471805599453,1.4912805089499685e-4
Supriya Sule,gensets,1,2.151462994836489e-4,0.6931471805599453,1.4912805089499685e-4
Supriya Sule,handhold,1,2.151462994836489e-4,0.6931471805599453,1.4912805089499685e-4
Supriya Sule,heaviry,1,2.151462994836489e-4,0.6931471805599453,1.4912805089499685e-4
Supriya Sule,honda,1,2.151462994836489e-4,0.6931471805599453,1.4912805089499685e-4
Supriya Sule,hyundai,1,2.151462994836489e-4,0.6931471805599453,1.4912805089499685e-4
Supriya Sule,kirloskar,1,2.151462994836489e-4,0.6931471805599453,1.4912805089499685e-4
Supriya Sule,maximization,1,2.151462994836489e-4,0.6931471805599453,1.4912805089499685e-4
Supriya Sule,meticulously,1,2.151462994836489e-4,0.6931471805599453,1.4912805089499685e-4
Supriya Sule,modemize,1,2.151462994836489e-4,0.6931471805599453,1.4912805089499685e-4
Supriya Sule,morth,1,2.151462994836489e-4,0.6931471805599453,1.4912805089499685e-4
Supriya Sule,motorcycle,1,2.151462994836489e-4,0.6931471805599453,1.4912805089499685e-4
Supriya Sule,mutation,1,2.151462994836489e-4,0.6931471805599453,1.4912805089499685e-4
Supriya Sule,paise,1,2.151462994836489e-4,0.6931471805599453,1.4912805089499685e-4
Supriya Sule,pedagogy,1,2.151462994836489e-4,0.6931471805599453,1.4912805089499685e-4
Supriya Sule,pfbrs,1,2.151462994836489e-4,0.6931471805599453,1.4912805089499685e-4
Supriya Sule,popsk,1,2.151462994836489e-4,0.6931471805599453,1.4912805089499685e-4
Supriya Sule,popsks,1,2.151462994836489e-4,0.6931471805599453,1.4912805089499685e-4
Supriya Sule,queries,1,2.151462994836489e-4,0.6931471805599453,1.4912805089499685e-4
Supriya Sule,questionnaires,1,2.151462994836489e-4,0.6931471805599453,1.4912805089499685e-4
Supriya Sule,reffered,1,2.151462994836489e-4,0.6931471805599453,1.4912805089499685e-4
Supriya Sule,regis,1,2.151462994836489e-4,0.6931471805599453,1.4912805089499685e-4
Supriya Sule,researched,1,2.151462994836489e-4,0.6931471805599453,1.4912805089499685e-4
Supriya Sule,residex,1,2.151462994836489e-4,0.6931471805599453,1.4912805089499685e-4
Supriya Sule,revailing,1,2.151462994836489e-4,0.6931471805599453,1.4912805089499685e-4
Supriya Sule,roving,1,2.151462994836489e-4,0.6931471805599453,1.4912805089499685e-4
Supriya Sule,rvhether,1,2.151462994836489e-4,0.6931471805599453,1.4912805089499685e-4
Supriya Sule,scooter,1,2.151462994836489e-4,0.6931471805599453,1.4912805089499685e-4
Supriya Sule,secretarylevel,1,2.151462994836489e-4,0.6931471805599453,1.4912805089499685e-4
Supriya Sule,shtpplng,1,2.151462994836489e-4,0.6931471805599453,1.4912805089499685e-4
Supriya Sule,simplifies,1,2.151462994836489e-4,0.6931471805599453,1.4912805089499685e-4
Supriya Sule,spends,1,2.151462994836489e-4,0.6931471805599453,1.4912805089499685e-4
Supriya Sule,tonnage,1,2.151462994836489e-4,0.6931471805599453,1.4912805089499685e-4
Supriya Sule,toyota,1,2.151462994836489e-4,0.6931471805599453,1.4912805089499685e-4
Supriya Sule,unknowingly,1,2.151462994836489e-4,0.6931471805599453,1.4912805089499685e-4
Supriya Sule,vayoshri,1,2.151462994836489e-4,0.6931471805599453,1.4912805089499685e-4
Supriya Sule,walking,1,2.151462994836489e-4,0.6931471805599453,1.4912805089499685e-4
Supriya Sule,weights,1,2.151462994836489e-4,0.6931471805599453,1.4912805089499685e-4
Supriya Sule,aadhaar,3,6.454388984509467e-4,0,0
Supriya Sule,abhiyan,1,2.151462994836489e-4,0,0
Supriya Sule,abled,5,0.0010757314974182443,0,0
Supriya Sule,abolition,1,2.151462994836489e-4,0,0
Supriya Sule,abroad,1,2.151462994836489e-4,0,0
Supriya Sule,abuse,2,4.302925989672978e-4,0,0
Supriya Sule,accelerated,1,2.151462994836489e-4,0,0
Supriya Sule,acceptance,1,2.151462994836489e-4,0,0
Supriya Sule,accepted,1,2.151462994836489e-4,0,0
Supriya Sule,access,4,8.605851979345956e-4,0,0
Supriya Sule,accessibility,1,2.151462994836489e-4,0,0
Supriya Sule,accessible,1,2.151462994836489e-4,0,0
Supriya Sule,accident,6,0.0012908777969018934,0,0
Supriya Sule,accidents,4,8.605851979345956e-4,0,0
Supriya Sule,accord,1,2.151462994836489e-4,0,0
Supriya Sule,account,4,8.605851979345956e-4,0,0
Supriya Sule,accountability,1,2.151462994836489e-4,0,0
Supriya Sule,accrue,1,2.151462994836489e-4,0,0
Supriya Sule,accrued,1,2.151462994836489e-4,0,0
Supriya Sule,accused,1,2.151462994836489e-4,0,0
Supriya Sule,achieve,6,0.0012908777969018934,0,0
Supriya Sule,achieved,7,0.0015060240963855422,0,0
Supriya Sule,achievement,2,4.302925989672978e-4,0,0
Supriya Sule,achievements,4,8.605851979345956e-4,0,0
Supriya Sule,achieving,2,4.302925989672978e-4,0,0
Supriya Sule,across,11,0.0023666092943201377,0,0
Supriya Sule,action,15,0.003227194492254733,0,0
Supriya Sule,activities,3,6.454388984509467e-4,0,0
Supriya Sule,activity,1,2.151462994836489e-4,0,0
Supriya Sule,actual,1,2.151462994836489e-4,0,0
Supriya Sule,actually,1,2.151462994836489e-4,0,0
Supriya Sule,additional,2,4.302925989672978e-4,0,0
Supriya Sule,address,8,0.0017211703958691911,0,0
Supriya Sule,adequate,6,0.0012908777969018934,0,0
Supriya Sule,adhalrao,1,2.151462994836489e-4,0,0
Supriya Sule,administrations,1,2.151462994836489e-4,0,0
Supriya Sule,administrative,1,2.151462994836489e-4,0,0
Supriya Sule,admission,1,2.151462994836489e-4,0,0
Supriya Sule,adopted,3,6.454388984509467e-4,0,0
Supriya Sule,adopting,1,2.151462994836489e-4,0,0
Supriya Sule,adoption,3,6.454388984509467e-4,0,0
Supriya Sule,advance,1,2.151462994836489e-4,0,0
Supriya Sule,advanced,3,6.454388984509467e-4,0,0
Supriya Sule,adversely,1,2.151462994836489e-4,0,0
Supriya Sule,advisory,1,2.151462994836489e-4,0,0
Supriya Sule,affairs,19,0.004087779690189329,0,0
Supriya Sule,affected,4,8.605851979345956e-4,0,0
Supriya Sule,affecting,1,2.151462994836489e-4,0,0
Supriya Sule,affluent,1,2.151462994836489e-4,0,0
Supriya Sule,affordability,2,4.302925989672978e-4,0,0
Supriya Sule,agencies,3,6.454388984509467e-4,0,0
Supriya Sule,agency,1,2.151462994836489e-4,0,0
Supriya Sule,agreed,1,2.151462994836489e-4,0,0
Supriya Sule,agreement,1,2.151462994836489e-4,0,0
Supriya Sule,agricultural,9,0.00193631669535284,0,0
Supriya Sule,agriculture,13,0.0027969018932874354,0,0
Supriya Sule,aiims,3,6.454388984509467e-4,0,0
Supriya Sule,aiming,1,2.151462994836489e-4,0,0
Supriya Sule,airport,4,8.605851979345956e-4,0,0
Supriya Sule,airports,3,6.454388984509467e-4,0,0
Supriya Sule,alleviation,3,6.454388984509467e-4,0,0
Supriya Sule,allocated,10,0.0021514629948364886,0,0
Supriya Sule,allocation,3,6.454388984509467e-4,0,0
Supriya Sule,allotment,3,6.454388984509467e-4,0,0
Supriya Sule,allow,2,4.302925989672978e-4,0,0
Supriya Sule,along,56,0.012048192771084338,0,0
Supriya Sule,alternative,5,0.0010757314974182443,0,0
Supriya Sule,amendment,1,2.151462994836489e-4,0,0
Supriya Sule,amendments,1,2.151462994836489e-4,0,0
Supriya Sule,america,1,2.151462994836489e-4,0,0
Supriya Sule,among,9,0.00193631669535284,0,0
Supriya Sule,amount,6,0.0012908777969018934,0,0
Supriya Sule,analysis,3,6.454388984509467e-4,0,0
Supriya Sule,andhra,1,2.151462994836489e-4,0,0
Supriya Sule,angle,1,2.151462994836489e-4,0,0
Supriya Sule,annexed,1,2.151462994836489e-4,0,0
Supriya Sule,annexure,13,0.0027969018932874354,0,0
Supriya Sule,announcement,1,2.151462994836489e-4,0,0
Supriya Sule,annual,5,0.0010757314974182443,0,0
Supriya Sule,answer,9,0.00193631669535284,0,0
Supriya Sule,answered,15,0.003227194492254733,0,0
Supriya Sule,appealed,1,2.151462994836489e-4,0,0
Supriya Sule,appellate,1,2.151462994836489e-4,0,0
Supriya Sule,applicant,1,2.151462994836489e-4,0,0
Supriya Sule,applicants,4,8.605851979345956e-4,0,0
Supriya Sule,application,5,0.0010757314974182443,0,0
Supriya Sule,applications,9,0.00193631669535284,0,0
Supriya Sule,apply,1,2.151462994836489e-4,0,0
Supriya Sule,applying,2,4.302925989672978e-4,0,0
Supriya Sule,appoint,1,2.151462994836489e-4,0,0
Supriya Sule,appointed,1,2.151462994836489e-4,0,0
Supriya Sule,appointment,1,2.151462994836489e-4,0,0
Supriya Sule,apprehensions,1,2.151462994836489e-4,0,0
Supriya Sule,approach,1,2.151462994836489e-4,0,0
Supriya Sule,appropriate,2,4.302925989672978e-4,0,0
Supriya Sule,approval,5,0.0010757314974182443,0,0
Supriya Sule,approvals,2,4.302925989672978e-4,0,0
Supriya Sule,approved,5,0.0010757314974182443,0,0
Supriya Sule,arbitration,1,2.151462994836489e-4,0,0
Supriya Sule,areas,13,0.0027969018932874354,0,0
Supriya Sule,arong,1,2.151462994836489e-4,0,0
Supriya Sule,arrested,1,2.151462994836489e-4,0,0
Supriya Sule,arrivals,2,4.302925989672978e-4,0,0
Supriya Sule,arrive,2,4.302925989672978e-4,0,0
Supriya Sule,arrived,1,2.151462994836489e-4,0,0
Supriya Sule,artificial,1,2.151462994836489e-4,0,0
Supriya Sule,ascertain,3,6.454388984509467e-4,0,0
Supriya Sule,aspirational,1,2.151462994836489e-4,0,0
Supriya Sule,assam,1,2.151462994836489e-4,0,0
Supriya Sule,assess,1,2.151462994836489e-4,0,0
Supriya Sule,assessed,5,0.0010757314974182443,0,0
Supriya Sule,assessment,1,2.151462994836489e-4,0,0
Supriya Sule,assist,2,4.302925989672978e-4,0,0
Supriya Sule,assistance,11,0.0023666092943201377,0,0
Supriya Sule,assistive,1,2.151462994836489e-4,0,0
Supriya Sule,assured,1,2.151462994836489e-4,0,0
Supriya Sule,attract,1,2.151462994836489e-4,0,0
Supriya Sule,auction,1,2.151462994836489e-4,0,0
Supriya Sule,audit,1,2.151462994836489e-4,0,0
Supriya Sule,augment,1,2.151462994836489e-4,0,0
Supriya Sule,augmentation,1,2.151462994836489e-4,0,0
Supriya Sule,augmented,1,2.151462994836489e-4,0,0
Supriya Sule,august,2,4.302925989672978e-4,0,0
Supriya Sule,authenticated,1,2.151462994836489e-4,0,0
Supriya Sule,authorities,1,2.151462994836489e-4,0,0
Supriya Sule,authority,2,4.302925989672978e-4,0,0
Supriya Sule,automated,1,2.151462994836489e-4,0,0
Supriya Sule,automation,1,2.151462994836489e-4,0,0
Supriya Sule,automobile,3,6.454388984509467e-4,0,0
Supriya Sule,automotive,1,2.151462994836489e-4,0,0
Supriya Sule,avail,3,6.454388984509467e-4,0,0
Supriya Sule,availability,4,8.605851979345956e-4,0,0
Supriya Sule,available,8,0.0017211703958691911,0,0
Supriya Sule,average,3,6.454388984509467e-4,0,0
Supriya Sule,aviation,1,2.151462994836489e-4,0,0
Supriya Sule,awaas,1,2.151462994836489e-4,0,0
Supriya Sule,award,1,2.151462994836489e-4,0,0
Supriya Sule,awareness,5,0.0010757314974182443,0,0
Supriya Sule,backbone,1,2.151462994836489e-4,0,0
Supriya Sule,backward,1,2.151462994836489e-4,0,0
Supriya Sule,balance,1,2.151462994836489e-4,0,0
Supriya Sule,banks,9,0.00193631669535284,0,0
Supriya Sule,banned,1,2.151462994836489e-4,0,0
Supriya Sule,based,4,8.605851979345956e-4,0,0
Supriya Sule,bases,1,2.151462994836489e-4,0,0
Supriya Sule,basic,1,2.151462994836489e-4,0,0
Supriya Sule,basis,2,4.302925989672978e-4,0,0
Supriya Sule,bearing,1,2.151462994836489e-4,0,0
Supriya Sule,become,2,4.302925989672978e-4,0,0
Supriya Sule,becomes,1,2.151462994836489e-4,0,0
Supriya Sule,behind,3,6.454388984509467e-4,0,0
Supriya Sule,belonging,1,2.151462994836489e-4,0,0
Supriya Sule,beneficiaries,12,0.0025817555938037868,0,0
Supriya Sule,benefit,1,2.151462994836489e-4,0,0
Supriya Sule,benefited,4,8.605851979345956e-4,0,0
Supriya Sule,benefits,7,0.0015060240963855422,0,0
Supriya Sule,benefitted,2,4.302925989672978e-4,0,0
Supriya Sule,bengal,1,2.151462994836489e-4,0,0
Supriya Sule,better,2,4.302925989672978e-4,0,0
Supriya Sule,betterment,1,2.151462994836489e-4,0,0
Supriya Sule,bhaurao,1,2.151462994836489e-4,0,0
Supriya Sule,bihar,1,2.151462994836489e-4,0,0
Supriya Sule,bijli,1,2.151462994836489e-4,0,0
Supriya Sule,black,3,6.454388984509467e-4,0,0
Supriya Sule,board,5,0.0010757314974182443,0,0
Supriya Sule,boarding,1,2.151462994836489e-4,0,0
Supriya Sule,bodies,1,2.151462994836489e-4,0,0
Supriya Sule,boilers,2,4.302925989672978e-4,0,0
Supriya Sule,boost,6,0.0012908777969018934,0,0
Supriya Sule,border,3,6.454388984509467e-4,0,0
Supriya Sule,borne,1,2.151462994836489e-4,0,0
Supriya Sule,bottlenecks,2,4.302925989672978e-4,0,0
Supriya Sule,bound,3,6.454388984509467e-4,0,0
Supriya Sule,breeder,1,2.151462994836489e-4,0,0
Supriya Sule,bring,2,4.302925989672978e-4,0,0
Supriya Sule,broadband,2,4.302925989672978e-4,0,0
Supriya Sule,broadcasting,1,2.151462994836489e-4,0,0
Supriya Sule,brought,1,2.151462994836489e-4,0,0
Supriya Sule,budget,1,2.151462994836489e-4,0,0
Supriya Sule,budgetary,1,2.151462994836489e-4,0,0
Supriya Sule,buffaloes,1,2.151462994836489e-4,0,0
Supriya Sule,build,2,4.302925989672978e-4,0,0
Supriya Sule,building,2,4.302925989672978e-4,0,0
Supriya Sule,buildings,2,4.302925989672978e-4,0,0
Supriya Sule,built,1,2.151462994836489e-4,0,0
Supriya Sule,bundelkhand,1,2.151462994836489e-4,0,0
Supriya Sule,bureau,2,4.302925989672978e-4,0,0
Supriya Sule,bureaucrats,1,2.151462994836489e-4,0,0
Supriya Sule,business,19,0.004087779690189329,0,0
Supriya Sule,businesses,2,4.302925989672978e-4,0,0
Supriya Sule,businessmen,1,2.151462994836489e-4,0,0
Supriya Sule,busted,1,2.151462994836489e-4,0,0
Supriya Sule,cable,2,4.302925989672978e-4,0,0
Supriya Sule,campaign,2,4.302925989672978e-4,0,0
Supriya Sule,campaigns,2,4.302925989672978e-4,0,0
Supriya Sule,camps,1,2.151462994836489e-4,0,0
Supriya Sule,capacity,2,4.302925989672978e-4,0,0
Supriya Sule,capita,3,6.454388984509467e-4,0,0
Supriya Sule,capital,1,2.151462994836489e-4,0,0
Supriya Sule,cardholders,1,2.151462994836489e-4,0,0
Supriya Sule,cards,3,6.454388984509467e-4,0,0
Supriya Sule,career,1,2.151462994836489e-4,0,0
Supriya Sule,carried,1,2.151462994836489e-4,0,0
Supriya Sule,carrying,2,4.302925989672978e-4,0,0
Supriya Sule,cases,14,0.0030120481927710845,0,0
Supriya Sule,cashless,3,6.454388984509467e-4,0,0
Supriya Sule,categories,2,4.302925989672978e-4,0,0
Supriya Sule,category,1,2.151462994836489e-4,0,0
Supriya Sule,catering,2,4.302925989672978e-4,0,0
Supriya Sule,cattle,1,2.151462994836489e-4,0,0
Supriya Sule,causes,1,2.151462994836489e-4,0,0
Supriya Sule,celebrated,1,2.151462994836489e-4,0,0
Supriya Sule,center,1,2.151462994836489e-4,0,0
Supriya Sule,centers,2,4.302925989672978e-4,0,0
Supriya Sule,central,9,0.00193631669535284,0,0
Supriya Sule,centrally,1,2.151462994836489e-4,0,0
Supriya Sule,centre,5,0.0010757314974182443,0,0
Supriya Sule,centres,3,6.454388984509467e-4,0,0
Supriya Sule,centric,1,2.151462994836489e-4,0,0
Supriya Sule,certain,1,2.151462994836489e-4,0,0
Supriya Sule,certificate,3,6.454388984509467e-4,0,0
Supriya Sule,certificates,2,4.302925989672978e-4,0,0
Supriya Sule,certification,2,4.302925989672978e-4,0,0
Supriya Sule,certified,1,2.151462994836489e-4,0,0
Supriya Sule,cftri,3,6.454388984509467e-4,0,0
Supriya Sule,chalk,1,2.151462994836489e-4,0,0
Supriya Sule,chalked,1,2.151462994836489e-4,0,0
Supriya Sule,challenges,3,6.454388984509467e-4,0,0
Supriya Sule,change,6,0.0012908777969018934,0,0
Supriya Sule,changes,2,4.302925989672978e-4,0,0
Supriya Sule,channels,5,0.0010757314974182443,0,0
Supriya Sule,charge,3,6.454388984509467e-4,0,0
Supriya Sule,charges,3,6.454388984509467e-4,0,0
Supriya Sule,check,3,6.454388984509467e-4,0,0
Supriya Sule,chhattisgarh,1,2.151462994836489e-4,0,0
Supriya Sule,chief,2,4.302925989672978e-4,0,0
Supriya Sule,child,4,8.605851979345956e-4,0,0
Supriya Sule,children,20,0.004302925989672977,0,0
Supriya Sule,cibil,2,4.302925989672978e-4,0,0
Supriya Sule,circulated,1,2.151462994836489e-4,0,0
Supriya Sule,circumstances,1,2.151462994836489e-4,0,0
Supriya Sule,cities,1,2.151462994836489e-4,0,0
Supriya Sule,citing,1,2.151462994836489e-4,0,0
Supriya Sule,citizen,1,2.151462994836489e-4,0,0
Supriya Sule,citizens,5,0.0010757314974182443,0,0
Supriya Sule,civil,1,2.151462994836489e-4,0,0
Supriya Sule,civilian,1,2.151462994836489e-4,0,0
Supriya Sule,class,2,4.302925989672978e-4,0,0
Supriya Sule,classification,5,0.0010757314974182443,0,0
Supriya Sule,classified,1,2.151462994836489e-4,0,0
Supriya Sule,classify,1,2.151462994836489e-4,0,0
Supriya Sule,clauses,1,2.151462994836489e-4,0,0
Supriya Sule,clean,1,2.151462994836489e-4,0,0
Supriya Sule,clearance,2,4.302925989672978e-4,0,0
Supriya Sule,clearances,4,8.605851979345956e-4,0,0
Supriya Sule,cleared,1,2.151462994836489e-4,0,0
Supriya Sule,climate,1,2.151462994836489e-4,0,0
Supriya Sule,close,1,2.151462994836489e-4,0,0
Supriya Sule,closed,1,2.151462994836489e-4,0,0
Supriya Sule,clusters,2,4.302925989672978e-4,0,0
Supriya Sule,collaboration,3,6.454388984509467e-4,0,0
Supriya Sule,collected,2,4.302925989672978e-4,0,0
Supriya Sule,collection,4,8.605851979345956e-4,0,0
Supriya Sule,college,1,2.151462994836489e-4,0,0
Supriya Sule,colleges,1,2.151462994836489e-4,0,0
Supriya Sule,commencement,4,8.605851979345956e-4,0,0
Supriya Sule,commerce,9,0.00193631669535284,0,0
Supriya Sule,commercial,5,0.0010757314974182443,0,0
Supriya Sule,commission,4,8.605851979345956e-4,0,0
Supriya Sule,commissioner,1,2.151462994836489e-4,0,0
Supriya Sule,commissioners,1,2.151462994836489e-4,0,0
Supriya Sule,commissioning,2,4.302925989672978e-4,0,0
Supriya Sule,committed,1,2.151462994836489e-4,0,0
Supriya Sule,committee,4,8.605851979345956e-4,0,0
Supriya Sule,commodities,1,2.151462994836489e-4,0,0
Supriya Sule,common,1,2.151462994836489e-4,0,0
Supriya Sule,communication,1,2.151462994836489e-4,0,0
Supriya Sule,communications,4,8.605851979345956e-4,0,0
Supriya Sule,communities,3,6.454388984509467e-4,0,0
Supriya Sule,community,1,2.151462994836489e-4,0,0
Supriya Sule,companies,11,0.0023666092943201377,0,0
Supriya Sule,company,4,8.605851979345956e-4,0,0
Supriya Sule,comparative,1,2.151462994836489e-4,0,0
Supriya Sule,compared,5,0.0010757314974182443,0,0
Supriya Sule,comparison,2,4.302925989672978e-4,0,0
Supriya Sule,complaints,7,0.0015060240963855422,0,0
Supriya Sule,complete,2,4.302925989672978e-4,0,0
Supriya Sule,completed,3,6.454388984509467e-4,0,0
Supriya Sule,completion,2,4.302925989672978e-4,0,0
Supriya Sule,complexes,1,2.151462994836489e-4,0,0
Supriya Sule,comply,1,2.151462994836489e-4,0,0
Supriya Sule,components,1,2.151462994836489e-4,0,0
Supriya Sule,composition,2,4.302925989672978e-4,0,0
Supriya Sule,comprehensive,1,2.151462994836489e-4,0,0
Supriya Sule,compulsory,1,2.151462994836489e-4,0,0
Supriya Sule,concern,1,2.151462994836489e-4,0,0
Supriya Sule,concessions,1,2.151462994836489e-4,0,0
Supriya Sule,conclusion,1,2.151462994836489e-4,0,0
Supriya Sule,conclusions,1,2.151462994836489e-4,0,0
Supriya Sule,condition,1,2.151462994836489e-4,0,0
Supriya Sule,conditions,4,8.605851979345956e-4,0,0
Supriya Sule,conducted,12,0.0025817555938037868,0,0
Supriya Sule,conducting,1,2.151462994836489e-4,0,0
Supriya Sule,conducts,1,2.151462994836489e-4,0,0
Supriya Sule,conferences,1,2.151462994836489e-4,0,0
Supriya Sule,confirm,1,2.151462994836489e-4,0,0
Supriya Sule,congestion,1,2.151462994836489e-4,0,0
Supriya Sule,connection,4,8.605851979345956e-4,0,0
Supriya Sule,connectivity,5,0.0010757314974182443,0,0
Supriya Sule,consent,3,6.454388984509467e-4,0,0
Supriya Sule,considering,4,8.605851979345956e-4,0,0
Supriya Sule,consignment,1,2.151462994836489e-4,0,0
Supriya Sule,constrained,1,2.151462994836489e-4,0,0
Supriya Sule,constraints,2,4.302925989672978e-4,0,0
Supriya Sule,construct,2,4.302925989672978e-4,0,0
Supriya Sule,constructed,1,2.151462994836489e-4,0,0
Supriya Sule,construction,4,8.605851979345956e-4,0,0
Supriya Sule,consult,1,2.151462994836489e-4,0,0
Supriya Sule,consulted,2,4.302925989672978e-4,0,0
Supriya Sule,consumer,3,6.454388984509467e-4,0,0
Supriya Sule,consumers,1,2.151462994836489e-4,0,0
Supriya Sule,contain,1,2.151462994836489e-4,0,0
Supriya Sule,container,1,2.151462994836489e-4,0,0
Supriya Sule,containing,2,4.302925989672978e-4,0,0
Supriya Sule,contd,1,2.151462994836489e-4,0,0
Supriya Sule,contemplating,1,2.151462994836489e-4,0,0
Supriya Sule,continuation,1,2.151462994836489e-4,0,0
Supriya Sule,contract,1,2.151462994836489e-4,0,0
Supriya Sule,contracts,1,2.151462994836489e-4,0,0
Supriya Sule,contributed,1,2.151462994836489e-4,0,0
Supriya Sule,control,2,4.302925989672978e-4,0,0
Supriya Sule,controller,1,2.151462994836489e-4,0,0
Supriya Sule,convenience,1,2.151462994836489e-4,0,0
Supriya Sule,coordination,1,2.151462994836489e-4,0,0
Supriya Sule,corporate,8,0.0017211703958691911,0,0
Supriya Sule,corporation,12,0.0025817555938037868,0,0
Supriya Sule,corrective,15,0.003227194492254733,0,0
Supriya Sule,corridor,3,6.454388984509467e-4,0,0
Supriya Sule,corridors,1,2.151462994836489e-4,0,0
Supriya Sule,cosmetics,1,2.151462994836489e-4,0,0
Supriya Sule,costs,1,2.151462994836489e-4,0,0
Supriya Sule,council,1,2.151462994836489e-4,0,0
Supriya Sule,countries,5,0.0010757314974182443,0,0
Supriya Sule,courses,1,2.151462994836489e-4,0,0
Supriya Sule,court,2,4.302925989672978e-4,0,0
Supriya Sule,courts,1,2.151462994836489e-4,0,0
Supriya Sule,cover,2,4.302925989672978e-4,0,0
Supriya Sule,coverage,2,4.302925989672978e-4,0,0
Supriya Sule,covered,3,6.454388984509467e-4,0,0
Supriya Sule,covid,1,2.151462994836489e-4,0,0
Supriya Sule,crashes,1,2.151462994836489e-4,0,0
Supriya Sule,create,2,4.302925989672978e-4,0,0
Supriya Sule,created,3,6.454388984509467e-4,0,0
Supriya Sule,creating,2,4.302925989672978e-4,0,0
Supriya Sule,creation,1,2.151462994836489e-4,0,0
Supriya Sule,credit,3,6.454388984509467e-4,0,0
Supriya Sule,criteria,5,0.0010757314974182443,0,0
Supriya Sule,crops,6,0.0012908777969018934,0,0
Supriya Sule,crude,6,0.0012908777969018934,0,0
Supriya Sule,cultivation,3,6.454388984509467e-4,0,0
Supriya Sule,current,32,0.0068846815834767644,0,0
Supriya Sule,currently,1,2.151462994836489e-4,0,0
Supriya Sule,customer,1,2.151462994836489e-4,0,0
Supriya Sule,customers,1,2.151462994836489e-4,0,0
Supriya Sule,cycle,1,2.151462994836489e-4,0,0
Supriya Sule,dairies,1,2.151462994836489e-4,0,0
Supriya Sule,dairy,2,4.302925989672978e-4,0,0
Supriya Sule,dangerous,1,2.151462994836489e-4,0,0
Supriya Sule,dated,1,2.151462994836489e-4,0,0
Supriya Sule,dattatray,2,4.302925989672978e-4,0,0
Supriya Sule,decade,2,4.302925989672978e-4,0,0
Supriya Sule,decided,2,4.302925989672978e-4,0,0
Supriya Sule,decision,1,2.151462994836489e-4,0,0
Supriya Sule,decisions,1,2.151462994836489e-4,0,0
Supriya Sule,declaration,1,2.151462994836489e-4,0,0
Supriya Sule,dedicated,2,4.302925989672978e-4,0,0
Supriya Sule,deduction,2,4.302925989672978e-4,0,0
Supriya Sule,default,1,2.151462994836489e-4,0,0
Supriya Sule,defaulters,4,8.605851979345956e-4,0,0
Supriya Sule,defaulting,1,2.151462994836489e-4,0,0
Supriya Sule,defects,1,2.151462994836489e-4,0,0
Supriya Sule,defence,5,0.0010757314974182443,0,0
Supriya Sule,deficiencies,1,2.151462994836489e-4,0,0
Supriya Sule,defined,1,2.151462994836489e-4,0,0
Supriya Sule,definition,1,2.151462994836489e-4,0,0
Supriya Sule,definitions,2,4.302925989672978e-4,0,0
Supriya Sule,delay,1,2.151462994836489e-4,0,0
Supriya Sule,delaying,1,2.151462994836489e-4,0,0
Supriya Sule,delays,1,2.151462994836489e-4,0,0
Supriya Sule,delivery,3,6.454388984509467e-4,0,0
Supriya Sule,demand,1,2.151462994836489e-4,0,0
Supriya Sule,demands,2,4.302925989672978e-4,0,0
Supriya Sule,demonstration,1,2.151462994836489e-4,0,0
Supriya Sule,denial,2,4.302925989672978e-4,0,0
Supriya Sule,density,3,6.454388984509467e-4,0,0
Supriya Sule,department,15,0.003227194492254733,0,0
Supriya Sule,dependent,1,2.151462994836489e-4,0,0
Supriya Sule,depth,1,2.151462994836489e-4,0,0
Supriya Sule,deputy,1,2.151462994836489e-4,0,0
Supriya Sule,desired,2,4.302925989672978e-4,0,0
Supriya Sule,detai,1,2.151462994836489e-4,0,0
Supriya Sule,detailed,3,6.454388984509467e-4,0,0
Supriya Sule,detairs,1,2.151462994836489e-4,0,0
Supriya Sule,detected,1,2.151462994836489e-4,0,0
Supriya Sule,determined,1,2.151462994836489e-4,0,0
Supriya Sule,develop,1,2.151462994836489e-4,0,0
Supriya Sule,developed,3,6.454388984509467e-4,0,0
Supriya Sule,development,26,0.005593803786574871,0,0
Supriya Sule,devices,2,4.302925989672978e-4,0,0
Supriya Sule,devised,1,2.151462994836489e-4,0,0
Supriya Sule,diagnostic,1,2.151462994836489e-4,0,0
Supriya Sule,diesel,3,6.454388984509467e-4,0,0
Supriya Sule,different,1,2.151462994836489e-4,0,0
Supriya Sule,differently,5,0.0010757314974182443,0,0
Supriya Sule,differentlyabled,1,2.151462994836489e-4,0,0
Supriya Sule,difficult,1,2.151462994836489e-4,0,0
Supriya Sule,difficulties,2,4.302925989672978e-4,0,0
Supriya Sule,digital,6,0.0012908777969018934,0,0
Supriya Sule,digitalization,1,2.151462994836489e-4,0,0
Supriya Sule,dipped,1,2.151462994836489e-4,0,0
Supriya Sule,direct,4,8.605851979345956e-4,0,0
Supriya Sule,directed,2,4.302925989672978e-4,0,0
Supriya Sule,directly,1,2.151462994836489e-4,0,0
Supriya Sule,director,2,4.302925989672978e-4,0,0
Supriya Sule,directorate,3,6.454388984509467e-4,0,0
Supriya Sule,directors,1,2.151462994836489e-4,0,0
Supriya Sule,disabilities,5,0.0010757314974182443,0,0
Supriya Sule,disabled,2,4.302925989672978e-4,0,0
Supriya Sule,disbursed,2,4.302925989672978e-4,0,0
Supriya Sule,disbursements,2,4.302925989672978e-4,0,0
Supriya Sule,discussed,1,2.151462994836489e-4,0,0
Supriya Sule,discussions,1,2.151462994836489e-4,0,0
Supriya Sule,disparities,3,6.454388984509467e-4,0,0
Supriya Sule,disposal,3,6.454388984509467e-4,0,0
Supriya Sule,dispute,1,2.151462994836489e-4,0,0
Supriya Sule,disputes,3,6.454388984509467e-4,0,0
Supriya Sule,distress,1,2.151462994836489e-4,0,0
Supriya Sule,distribution,3,6.454388984509467e-4,0,0
Supriya Sule,district,12,0.0025817555938037868,0,0
Supriya Sule,districts,4,8.605851979345956e-4,0,0
Supriya Sule,diversion,1,2.151462994836489e-4,0,0
Supriya Sule,division,3,6.454388984509467e-4,0,0
Supriya Sule,documentation,1,2.151462994836489e-4,0,0
Supriya Sule,documents,1,2.151462994836489e-4,0,0
Supriya Sule,dollar,1,2.151462994836489e-4,0,0
Supriya Sule,domestic,2,4.302925989672978e-4,0,0
Supriya Sule,dominated,1,2.151462994836489e-4,0,0
Supriya Sule,doordarshan,1,2.151462994836489e-4,0,0
Supriya Sule,doorstep,1,2.151462994836489e-4,0,0
Supriya Sule,double,2,4.302925989672978e-4,0,0
Supriya Sule,doubling,2,4.302925989672978e-4,0,0
Supriya Sule,draft,2,4.302925989672978e-4,0,0
Supriya Sule,drastic,1,2.151462994836489e-4,0,0
Supriya Sule,drastically,1,2.151462994836489e-4,0,0
Supriya Sule,drinking,3,6.454388984509467e-4,0,0
Supriya Sule,drivers,2,4.302925989672978e-4,0,0
Supriya Sule,drugs,1,2.151462994836489e-4,0,0
Supriya Sule,durable,1,2.151462994836489e-4,0,0
Supriya Sule,dwindling,1,2.151462994836489e-4,0,0
Supriya Sule,earlier,2,4.302925989672978e-4,0,0
Supriya Sule,earmarked,1,2.151462994836489e-4,0,0
Supriya Sule,eastern,1,2.151462994836489e-4,0,0
Supriya Sule,economic,4,8.605851979345956e-4,0,0
Supriya Sule,economically,3,6.454388984509467e-4,0,0
Supriya Sule,economy,2,4.302925989672978e-4,0,0
Supriya Sule,education,17,0.003657487091222031,0,0
Supriya Sule,educational,8,0.0017211703958691911,0,0
Supriya Sule,effective,8,0.0017211703958691911,0,0
Supriya Sule,effectiveness,1,2.151462994836489e-4,0,0
Supriya Sule,efficient,1,2.151462994836489e-4,0,0
Supriya Sule,efforts,1,2.151462994836489e-4,0,0
Supriya Sule,eight,1,2.151462994836489e-4,0,0
Supriya Sule,elderly,1,2.151462994836489e-4,0,0
Supriya Sule,electric,2,4.302925989672978e-4,0,0
Supriya Sule,electricity,1,2.151462994836489e-4,0,0
Supriya Sule,electronic,2,4.302925989672978e-4,0,0
Supriya Sule,eligibility,1,2.151462994836489e-4,0,0
Supriya Sule,empanelled,1,2.151462994836489e-4,0,0
Supriya Sule,emphasis,1,2.151462994836489e-4,0,0
Supriya Sule,employed,1,2.151462994836489e-4,0,0
Supriya Sule,employees,3,6.454388984509467e-4,0,0
Supriya Sule,employer,4,8.605851979345956e-4,0,0
Supriya Sule,employment,9,0.00193631669535284,0,0
Supriya Sule,empowerment,3,6.454388984509467e-4,0,0
Supriya Sule,enabled,1,2.151462994836489e-4,0,0
Supriya Sule,encourage,6,0.0012908777969018934,0,0
Supriya Sule,energy,1,2.151462994836489e-4,0,0
Supriya Sule,enforcement,1,2.151462994836489e-4,0,0
Supriya Sule,engage,1,2.151462994836489e-4,0,0
Supriya Sule,enhance,4,8.605851979345956e-4,0,0
Supriya Sule,enhancements,1,2.151462994836489e-4,0,0
Supriya Sule,enough,1,2.151462994836489e-4,0,0
Supriya Sule,ensure,14,0.0030120481927710845,0,0
Supriya Sule,ensuring,1,2.151462994836489e-4,0,0
Supriya Sule,entered,1,2.151462994836489e-4,0,0
Supriya Sule,enterprises,5,0.0010757314974182443,0,0
Supriya Sule,entire,1,2.151462994836489e-4,0,0
Supriya Sule,entrepreneur,4,8.605851979345956e-4,0,0
Supriya Sule,entrepreneurs,2,4.302925989672978e-4,0,0
Supriya Sule,entrepreneurship,1,2.151462994836489e-4,0,0
Supriya Sule,environment,10,0.0021514629948364886,0,0
Supriya Sule,envisaged,1,2.151462994836489e-4,0,0
Supriya Sule,equipped,1,2.151462994836489e-4,0,0
Supriya Sule,eradicating,1,2.151462994836489e-4,0,0
Supriya Sule,eradication,2,4.302925989672978e-4,0,0
Supriya Sule,especially,2,4.302925989672978e-4,0,0
Supriya Sule,establish,2,4.302925989672978e-4,0,0
Supriya Sule,established,2,4.302925989672978e-4,0,0
Supriya Sule,establishing,1,2.151462994836489e-4,0,0
Supriya Sule,establishment,1,2.151462994836489e-4,0,0
Supriya Sule,estate,2,4.302925989672978e-4,0,0
Supriya Sule,estimated,4,8.605851979345956e-4,0,0
Supriya Sule,evaluated,1,2.151462994836489e-4,0,0
Supriya Sule,evaluation,5,0.0010757314974182443,0,0
Supriya Sule,event,1,2.151462994836489e-4,0,0
Supriya Sule,events,1,2.151462994836489e-4,0,0
Supriya Sule,eventually,1,2.151462994836489e-4,0,0
Supriya Sule,every,2,4.302925989672978e-4,0,0
Supriya Sule,evolved,1,2.151462994836489e-4,0,0
Supriya Sule,examined,1,2.151462994836489e-4,0,0
Supriya Sule,exchange,1,2.151462994836489e-4,0,0
Supriya Sule,excluded,1,2.151462994836489e-4,0,0
Supriya Sule,exclusion,1,2.151462994836489e-4,0,0
Supriya Sule,exist,1,2.151462994836489e-4,0,0
Supriya Sule,existing,4,8.605851979345956e-4,0,0
Supriya Sule,expand,1,2.151462994836489e-4,0,0
Supriya Sule,expanded,1,2.151462994836489e-4,0,0
Supriya Sule,expanding,1,2.151462994836489e-4,0,0
Supriya Sule,expansion,3,6.454388984509467e-4,0,0
Supriya Sule,expedite,1,2.151462994836489e-4,0,0
Supriya Sule,expenditure,9,0.00193631669535284,0,0
Supriya Sule,expert,1,2.151462994836489e-4,0,0
Supriya Sule,explosives,2,4.302925989672978e-4,0,0
Supriya Sule,export,13,0.0027969018932874354,0,0
Supriya Sule,exporter,2,4.302925989672978e-4,0,0
Supriya Sule,exports,8,0.0017211703958691911,0,0
Supriya Sule,express,1,2.151462994836489e-4,0,0
Supriya Sule,extended,3,6.454388984509467e-4,0,0
Supriya Sule,extension,1,2.151462994836489e-4,0,0
Supriya Sule,extensive,1,2.151462994836489e-4,0,0
Supriya Sule,extent,4,8.605851979345956e-4,0,0
Supriya Sule,external,2,4.302925989672978e-4,0,0
Supriya Sule,faced,7,0.0015060240963855422,0,0
Supriya Sule,facilitate,5,0.0010757314974182443,0,0
Supriya Sule,facilitating,2,4.302925989672978e-4,0,0
Supriya Sule,facilitation,2,4.302925989672978e-4,0,0
Supriya Sule,facilities,13,0.0027969018932874354,0,0
Supriya Sule,facility,1,2.151462994836489e-4,0,0
Supriya Sule,facing,3,6.454388984509467e-4,0,0
Supriya Sule,factories,5,0.0010757314974182443,0,0
Supriya Sule,factors,3,6.454388984509467e-4,0,0
Supriya Sule,faculty,1,2.151462994836489e-4,0,0
Supriya Sule,families,2,4.302925989672978e-4,0,0
Supriya Sule,family,6,0.0012908777969018934,0,0
Supriya Sule,farmer,1,2.151462994836489e-4,0,0
Supriya Sule,farmers,25,0.005378657487091222,0,0
Supriya Sule,farming,3,6.454388984509467e-4,0,0
Supriya Sule,features,2,4.302925989672978e-4,0,0
Supriya Sule,fibre,1,2.151462994836489e-4,0,0
Supriya Sule,field,2,4.302925989672978e-4,0,0
Supriya Sule,fields,1,2.151462994836489e-4,0,0
Supriya Sule,filed,3,6.454388984509467e-4,0,0
Supriya Sule,filing,1,2.151462994836489e-4,0,0
Supriya Sule,final,1,2.151462994836489e-4,0,0
Supriya Sule,finalise,1,2.151462994836489e-4,0,0
Supriya Sule,finance,5,0.0010757314974182443,0,0
Supriya Sule,financial,14,0.0030120481927710845,0,0
Supriya Sule,findings,1,2.151462994836489e-4,0,0
Supriya Sule,firms,5,0.0010757314974182443,0,0
Supriya Sule,first,1,2.151462994836489e-4,0,0
Supriya Sule,fiscal,1,2.151462994836489e-4,0,0
Supriya Sule,fixed,5,0.0010757314974182443,0,0
Supriya Sule,followed,2,4.302925989672978e-4,0,0
Supriya Sule,following,2,4.302925989672978e-4,0,0
Supriya Sule,foodgrains,2,4.302925989672978e-4,0,0
Supriya Sule,force,2,4.302925989672978e-4,0,0
Supriya Sule,foreign,9,0.00193631669535284,0,0
Supriya Sule,forests,2,4.302925989672978e-4,0,0
Supriya Sule,forms,1,2.151462994836489e-4,0,0
Supriya Sule,formula,1,2.151462994836489e-4,0,0
Supriya Sule,formulate,2,4.302925989672978e-4,0,0
Supriya Sule,found,1,2.151462994836489e-4,0,0
Supriya Sule,frame,2,4.302925989672978e-4,0,0
Supriya Sule,framed,1,2.151462994836489e-4,0,0
Supriya Sule,framework,1,2.151462994836489e-4,0,0
Supriya Sule,freight,7,0.0015060240963855422,0,0
Supriya Sule,frequently,1,2.151462994836489e-4,0,0
Supriya Sule,friendly,1,2.151462994836489e-4,0,0
Supriya Sule,fuezyk,1,2.151462994836489e-4,0,0
Supriya Sule,fulfilled,1,2.151462994836489e-4,0,0
Supriya Sule,function,1,2.151462994836489e-4,0,0
Supriya Sule,functionality,1,2.151462994836489e-4,0,0
Supriya Sule,functionaries,1,2.151462994836489e-4,0,0
Supriya Sule,functioning,4,8.605851979345956e-4,0,0
Supriya Sule,funding,3,6.454388984509467e-4,0,0
Supriya Sule,funds,19,0.004087779690189329,0,0
Supriya Sule,future,3,6.454388984509467e-4,0,0
Supriya Sule,gender,1,2.151462994836489e-4,0,0
Supriya Sule,general,5,0.0010757314974182443,0,0
Supriya Sule,generate,1,2.151462994836489e-4,0,0
Supriya Sule,generated,2,4.302925989672978e-4,0,0
Supriya Sule,getting,2,4.302925989672978e-4,0,0
Supriya Sule,girls,2,4.302925989672978e-4,0,0
Supriya Sule,giving,1,2.151462994836489e-4,0,0
Supriya Sule,globally,1,2.151462994836489e-4,0,0
Supriya Sule,govemment,1,2.151462994836489e-4,0,0
Supriya Sule,governance,2,4.302925989672978e-4,0,0
Supriya Sule,governments,4,8.605851979345956e-4,0,0
Supriya Sule,graduate,1,2.151462994836489e-4,0,0
Supriya Sule,grameen,2,4.302925989672978e-4,0,0
Supriya Sule,grant,5,0.0010757314974182443,0,0
Supriya Sule,granting,2,4.302925989672978e-4,0,0
Supriya Sule,greater,1,2.151462994836489e-4,0,0
Supriya Sule,greatly,1,2.151462994836489e-4,0,0
Supriya Sule,grievance,3,6.454388984509467e-4,0,0
Supriya Sule,grievances,1,2.151462994836489e-4,0,0
Supriya Sule,gross,1,2.151462994836489e-4,0,0
Supriya Sule,ground,1,2.151462994836489e-4,0,0
Supriya Sule,groundnut,6,0.0012908777969018934,0,0
Supriya Sule,grounds,1,2.151462994836489e-4,0,0
Supriya Sule,group,3,6.454388984509467e-4,0,0
Supriya Sule,groups,1,2.151462994836489e-4,0,0
Supriya Sule,growing,1,2.151462994836489e-4,0,0
Supriya Sule,growth,4,8.605851979345956e-4,0,0
Supriya Sule,guarantee,1,2.151462994836489e-4,0,0
Supriya Sule,guide,1,2.151462994836489e-4,0,0
Supriya Sule,guidelines,4,8.605851979345956e-4,0,0
Supriya Sule,guilty,1,2.151462994836489e-4,0,0
Supriya Sule,gujarat,2,4.302925989672978e-4,0,0
Supriya Sule,hardship,1,2.151462994836489e-4,0,0
Supriya Sule,harness,1,2.151462994836489e-4,0,0
Supriya Sule,haryana,1,2.151462994836489e-4,0,0
Supriya Sule,hazardous,1,2.151462994836489e-4,0,0
Supriya Sule,health,6,0.0012908777969018934,0,0
Supriya Sule,healthcare,4,8.605851979345956e-4,0,0
Supriya Sule,hearing,1,2.151462994836489e-4,0,0
Supriya Sule,heavy,3,6.454388984509467e-4,0,0
Supriya Sule,highlighting,1,2.151462994836489e-4,0,0
Supriya Sule,highway,1,2.151462994836489e-4,0,0
Supriya Sule,highways,8,0.0017211703958691911,0,0
Supriya Sule,hiked,1,2.151462994836489e-4,0,0
Supriya Sule,himachal,1,2.151462994836489e-4,0,0
Supriya Sule,holistic,1,2.151462994836489e-4,0,0
Supriya Sule,hospitals,1,2.151462994836489e-4,0,0
Supriya Sule,hostel,1,2.151462994836489e-4,0,0
Supriya Sule,hostels,1,2.151462994836489e-4,0,0
Supriya Sule,household,3,6.454388984509467e-4,0,0
Supriya Sule,households,4,8.605851979345956e-4,0,0
Supriya Sule,housing,9,0.00193631669535284,0,0
Supriya Sule,however,1,2.151462994836489e-4,0,0
Supriya Sule,human,2,4.302925989672978e-4,0,0
Supriya Sule,hygienic,2,4.302925989672978e-4,0,0
Supriya Sule,identification,3,6.454388984509467e-4,0,0
Supriya Sule,identified,12,0.0025817555938037868,0,0
Supriya Sule,identify,2,4.302925989672978e-4,0,0
Supriya Sule,identity,1,2.151462994836489e-4,0,0
Supriya Sule,immediately,1,2.151462994836489e-4,0,0
Supriya Sule,impact,4,8.605851979345956e-4,0,0
Supriya Sule,impart,2,4.302925989672978e-4,0,0
Supriya Sule,implementation,7,0.0015060240963855422,0,0
Supriya Sule,implemented,5,0.0010757314974182443,0,0
Supriya Sule,implementing,5,0.0010757314974182443,0,0
Supriya Sule,import,4,8.605851979345956e-4,0,0
Supriya Sule,important,2,4.302925989672978e-4,0,0
Supriya Sule,imported,1,2.151462994836489e-4,0,0
Supriya Sule,importer,2,4.302925989672978e-4,0,0
Supriya Sule,imports,1,2.151462994836489e-4,0,0
Supriya Sule,imposed,1,2.151462994836489e-4,0,0
Supriya Sule,improve,16,0.0034423407917383822,0,0
Supriya Sule,improved,1,2.151462994836489e-4,0,0
Supriya Sule,improvement,1,2.151462994836489e-4,0,0
Supriya Sule,improvements,2,4.302925989672978e-4,0,0
Supriya Sule,improving,3,6.454388984509467e-4,0,0
Supriya Sule,incentives,4,8.605851979345956e-4,0,0
Supriya Sule,inception,5,0.0010757314974182443,0,0
Supriya Sule,incidence,2,4.302925989672978e-4,0,0
Supriya Sule,incidents,3,6.454388984509467e-4,0,0
Supriya Sule,includ,1,2.151462994836489e-4,0,0
Supriya Sule,include,1,2.151462994836489e-4,0,0
Supriya Sule,included,3,6.454388984509467e-4,0,0
Supriya Sule,includes,1,2.151462994836489e-4,0,0
Supriya Sule,including,22,0.004733218588640275,0,0
Supriya Sule,inclusion,3,6.454388984509467e-4,0,0
Supriya Sule,inclusive,2,4.302925989672978e-4,0,0
Supriya Sule,income,13,0.0027969018932874354,0,0
Supriya Sule,incomes,1,2.151462994836489e-4,0,0
Supriya Sule,incorporation,4,8.605851979345956e-4,0,0
Supriya Sule,increase,11,0.0023666092943201377,0,0
Supriya Sule,increased,4,8.605851979345956e-4,0,0
Supriya Sule,increasing,2,4.302925989672978e-4,0,0
Supriya Sule,incurred,4,8.605851979345956e-4,0,0
Supriya Sule,independent,2,4.302925989672978e-4,0,0
Supriya Sule,index,2,4.302925989672978e-4,0,0
Supriya Sule,indian,4,8.605851979345956e-4,0,0
Supriya Sule,indicates,1,2.151462994836489e-4,0,0
Supriya Sule,indicating,4,8.605851979345956e-4,0,0
Supriya Sule,individuals,2,4.302925989672978e-4,0,0
Supriya Sule,indulging,1,2.151462994836489e-4,0,0
Supriya Sule,industrial,30,0.006454388984509466,0,0
Supriya Sule,industries,5,0.0010757314974182443,0,0
Supriya Sule,industry,11,0.0023666092943201377,0,0
Supriya Sule,inequalities,1,2.151462994836489e-4,0,0
Supriya Sule,informed,1,2.151462994836489e-4,0,0
Supriya Sule,infrastructure,13,0.0027969018932874354,0,0
Supriya Sule,initial,1,2.151462994836489e-4,0,0
Supriya Sule,initiated,9,0.00193631669535284,0,0
Supriya Sule,initiative,2,4.302925989672978e-4,0,0
Supriya Sule,initiatives,4,8.605851979345956e-4,0,0
Supriya Sule,injured,1,2.151462994836489e-4,0,0
Supriya Sule,input,2,4.302925989672978e-4,0,0
Supriya Sule,inspection,2,4.302925989672978e-4,0,0
Supriya Sule,installation,1,2.151462994836489e-4,0,0
Supriya Sule,installations,1,2.151462994836489e-4,0,0
Supriya Sule,instances,1,2.151462994836489e-4,0,0
Supriya Sule,institute,4,8.605851979345956e-4,0,0
Supriya Sule,institutes,6,0.0012908777969018934,0,0
Supriya Sule,institution,1,2.151462994836489e-4,0,0
Supriya Sule,institutional,1,2.151462994836489e-4,0,0
Supriya Sule,institutions,3,6.454388984509467e-4,0,0
Supriya Sule,instructions,2,4.302925989672978e-4,0,0
Supriya Sule,insurance,3,6.454388984509467e-4,0,0
Supriya Sule,integrated,3,6.454388984509467e-4,0,0
Supriya Sule,intensive,1,2.151462994836489e-4,0,0
Supriya Sule,inter,1,2.151462994836489e-4,0,0
Supriya Sule,interest,5,0.0010757314974182443,0,0
Supriya Sule,interested,1,2.151462994836489e-4,0,0
Supriya Sule,interests,1,2.151462994836489e-4,0,0
Supriya Sule,internet,2,4.302925989672978e-4,0,0
Supriya Sule,interventions,1,2.151462994836489e-4,0,0
Supriya Sule,introduce,1,2.151462994836489e-4,0,0
Supriya Sule,introduced,4,8.605851979345956e-4,0,0
Supriya Sule,introduction,1,2.151462994836489e-4,0,0
Supriya Sule,invest,1,2.151462994836489e-4,0,0
Supriya Sule,investment,1,2.151462994836489e-4,0,0
Supriya Sule,investments,1,2.151462994836489e-4,0,0
Supriya Sule,investor,1,2.151462994836489e-4,0,0
Supriya Sule,investors,3,6.454388984509467e-4,0,0
Supriya Sule,invite,1,2.151462994836489e-4,0,0
Supriya Sule,inviting,1,2.151462994836489e-4,0,0
Supriya Sule,invoke,1,2.151462994836489e-4,0,0
Supriya Sule,involved,2,4.302925989672978e-4,0,0
Supriya Sule,involving,1,2.151462994836489e-4,0,0
Supriya Sule,iranian,2,4.302925989672978e-4,0,0
Supriya Sule,irctc,1,2.151462994836489e-4,0,0
Supriya Sule,island,1,2.151462994836489e-4,0,0
Supriya Sule,islands,8,0.0017211703958691911,0,0
Supriya Sule,issuance,1,2.151462994836489e-4,0,0
Supriya Sule,issue,8,0.0017211703958691911,0,0
Supriya Sule,issued,8,0.0017211703958691911,0,0
Supriya Sule,issues,5,0.0010757314974182443,0,0
Supriya Sule,items,3,6.454388984509467e-4,0,0
Supriya Sule,izhkkj,1,2.151462994836489e-4,0,0
Supriya Sule,jayavardhan,2,4.302925989672978e-4,0,0
Supriya Sule,jharkhand,1,2.151462994836489e-4,0,0
Supriya Sule,jherh,1,2.151462994836489e-4,0,0
Supriya Sule,joining,1,2.151462994836489e-4,0,0
Supriya Sule,judicial,1,2.151462994836489e-4,0,0
Supriya Sule,justice,2,4.302925989672978e-4,0,0
Supriya Sule,kalpakkam,2,4.302925989672978e-4,0,0
Supriya Sule,karnataka,1,2.151462994836489e-4,0,0
Supriya Sule,kashmir,1,2.151462994836489e-4,0,0
Supriya Sule,kendras,3,6.454388984509467e-4,0,0
Supriya Sule,kerala,1,2.151462994836489e-4,0,0
Supriya Sule,kharif,2,4.302925989672978e-4,0,0
Supriya Sule,krishi,2,4.302925989672978e-4,0,0
Supriya Sule,labour,6,0.0012908777969018934,0,0
Supriya Sule,lakhs,2,4.302925989672978e-4,0,0
Supriya Sule,language,1,2.151462994836489e-4,0,0
Supriya Sule,large,2,4.302925989672978e-4,0,0
Supriya Sule,larger,1,2.151462994836489e-4,0,0
Supriya Sule,launch,2,4.302925989672978e-4,0,0
Supriya Sule,launched,11,0.0023666092943201377,0,0
Supriya Sule,launching,1,2.151462994836489e-4,0,0
Supriya Sule,leasing,1,2.151462994836489e-4,0,0
Supriya Sule,least,1,2.151462994836489e-4,0,0
Supriya Sule,legislation,1,2.151462994836489e-4,0,0
Supriya Sule,lending,1,2.151462994836489e-4,0,0
Supriya Sule,leprosy,7,0.0015060240963855422,0,0
Supriya Sule,level,2,4.302925989672978e-4,0,0
Supriya Sule,levels,2,4.302925989672978e-4,0,0
Supriya Sule,licence,6,0.0012908777969018934,0,0
Supriya Sule,license,13,0.0027969018932874354,0,0
Supriya Sule,licensed,1,2.151462994836489e-4,0,0
Supriya Sule,licensees,2,4.302925989672978e-4,0,0
Supriya Sule,licensing,3,6.454388984509467e-4,0,0
Supriya Sule,light,2,4.302925989672978e-4,0,0
Supriya Sule,likely,20,0.004302925989672977,0,0
Supriya Sule,limit,1,2.151462994836489e-4,0,0
Supriya Sule,limitations,1,2.151462994836489e-4,0,0
Supriya Sule,limited,9,0.00193631669535284,0,0
Supriya Sule,lines,1,2.151462994836489e-4,0,0
Supriya Sule,linkages,1,2.151462994836489e-4,0,0
Supriya Sule,literacy,1,2.151462994836489e-4,0,0
Supriya Sule,litigations,1,2.151462994836489e-4,0,0
Supriya Sule,lives,1,2.151462994836489e-4,0,0
Supriya Sule,livestock,1,2.151462994836489e-4,0,0
Supriya Sule,living,3,6.454388984509467e-4,0,0
Supriya Sule,loans,3,6.454388984509467e-4,0,0
Supriya Sule,local,1,2.151462994836489e-4,0,0
Supriya Sule,logistic,1,2.151462994836489e-4,0,0
Supriya Sule,logistics,1,2.151462994836489e-4,0,0
Supriya Sule,loksabha,1,2.151462994836489e-4,0,0
Supriya Sule,lower,1,2.151462994836489e-4,0,0
Supriya Sule,madad,1,2.151462994836489e-4,0,0
Supriya Sule,madam,1,2.151462994836489e-4,0,0
Supriya Sule,madhya,1,2.151462994836489e-4,0,0
Supriya Sule,magha,1,2.151462994836489e-4,0,0
Supriya Sule,magistrate,1,2.151462994836489e-4,0,0
Supriya Sule,mahanagar,1,2.151462994836489e-4,0,0
Supriya Sule,maharashtra,46,0.009896729776247849,0,0
Supriya Sule,mahatma,1,2.151462994836489e-4,0,0
Supriya Sule,mahindra,2,4.302925989672978e-4,0,0
Supriya Sule,maintain,1,2.151462994836489e-4,0,0
Supriya Sule,maintained,1,2.151462994836489e-4,0,0
Supriya Sule,major,6,0.0012908777969018934,0,0
Supriya Sule,majority,1,2.151462994836489e-4,0,0
Supriya Sule,making,2,4.302925989672978e-4,0,0
Supriya Sule,malls,1,2.151462994836489e-4,0,0
Supriya Sule,malnutrition,1,2.151462994836489e-4,0,0
Supriya Sule,management,1,2.151462994836489e-4,0,0
Supriya Sule,mandating,1,2.151462994836489e-4,0,0
Supriya Sule,mandatory,5,0.0010757314974182443,0,0
Supriya Sule,manner,3,6.454388984509467e-4,0,0
Supriya Sule,manpower,3,6.454388984509467e-4,0,0
Supriya Sule,mantri,5,0.0010757314974182443,0,0
Supriya Sule,manual,1,2.151462994836489e-4,0,0
Supriya Sule,manufacturers,2,4.302925989672978e-4,0,0
Supriya Sule,march,1,2.151462994836489e-4,0,0
Supriya Sule,marginal,1,2.151462994836489e-4,0,0
Supriya Sule,marginalized,1,2.151462994836489e-4,0,0
Supriya Sule,marked,1,2.151462994836489e-4,0,0
Supriya Sule,market,3,6.454388984509467e-4,0,0
Supriya Sule,maruti,2,4.302925989672978e-4,0,0
Supriya Sule,masses,1,2.151462994836489e-4,0,0
Supriya Sule,matter,2,4.302925989672978e-4,0,0
Supriya Sule,matters,1,2.151462994836489e-4,0,0
Supriya Sule,meals,1,2.151462994836489e-4,0,0
Supriya Sule,measure,1,2.151462994836489e-4,0,0
Supriya Sule,measures,18,0.00387263339070568,0,0
Supriya Sule,mechanism,5,0.0010757314974182443,0,0
Supriya Sule,mechanisms,2,4.302925989672978e-4,0,0
Supriya Sule,mediation,3,6.454388984509467e-4,0,0
Supriya Sule,medica,1,2.151462994836489e-4,0,0
Supriya Sule,medicines,1,2.151462994836489e-4,0,0
Supriya Sule,medium,4,8.605851979345956e-4,0,0
Supriya Sule,meeting,1,2.151462994836489e-4,0,0
Supriya Sule,meghalaya,1,2.151462994836489e-4,0,0
Supriya Sule,membership,2,4.302925989672978e-4,0,0
Supriya Sule,memorandum,6,0.0012908777969018934,0,0
Supriya Sule,merged,1,2.151462994836489e-4,0,0
Supriya Sule,meters,2,4.302925989672978e-4,0,0
Supriya Sule,metrics,1,2.151462994836489e-4,0,0
Supriya Sule,mgnregs,1,2.151462994836489e-4,0,0
Supriya Sule,micro,4,8.605851979345956e-4,0,0
Supriya Sule,middle,1,2.151462994836489e-4,0,0
Supriya Sule,migrant,1,2.151462994836489e-4,0,0
Supriya Sule,military,1,2.151462994836489e-4,0,0
Supriya Sule,mines,1,2.151462994836489e-4,0,0
Supriya Sule,minimum,3,6.454388984509467e-4,0,0
Supriya Sule,mining,2,4.302925989672978e-4,0,0
Supriya Sule,ministers,1,2.151462994836489e-4,0,0
Supriya Sule,ministries,2,4.302925989672978e-4,0,0
Supriya Sule,minority,5,0.0010757314974182443,0,0
Supriya Sule,missing,6,0.0012908777969018934,0,0
Supriya Sule,mission,2,4.302925989672978e-4,0,0
Supriya Sule,mitigate,1,2.151462994836489e-4,0,0
Supriya Sule,mobile,8,0.0017211703958691911,0,0
Supriya Sule,modern,1,2.151462994836489e-4,0,0
Supriya Sule,monitor,1,2.151462994836489e-4,0,0
Supriya Sule,monitoring,3,6.454388984509467e-4,0,0
Supriya Sule,month,2,4.302925989672978e-4,0,0
Supriya Sule,monthly,1,2.151462994836489e-4,0,0
Supriya Sule,motivate,1,2.151462994836489e-4,0,0
Supriya Sule,motor,3,6.454388984509467e-4,0,0
Supriya Sule,movement,2,4.302925989672978e-4,0,0
Supriya Sule,msmes,7,0.0015060240963855422,0,0
Supriya Sule,mudra,1,2.151462994836489e-4,0,0
Supriya Sule,municipal,5,0.0010757314974182443,0,0
Supriya Sule,names,2,4.302925989672978e-4,0,0
Supriya Sule,national,14,0.0030120481927710845,0,0
Supriya Sule,nations,1,2.151462994836489e-4,0,0
Supriya Sule,natrip,2,4.302925989672978e-4,0,0
Supriya Sule,nature,2,4.302925989672978e-4,0,0
Supriya Sule,ncpcr,1,2.151462994836489e-4,0,0
Supriya Sule,necessary,1,2.151462994836489e-4,0,0
Supriya Sule,needs,3,6.454388984509467e-4,0,0
Supriya Sule,needy,2,4.302925989672978e-4,0,0
Supriya Sule,negative,1,2.151462994836489e-4,0,0
Supriya Sule,negotiation,1,2.151462994836489e-4,0,0
Supriya Sule,network,2,4.302925989672978e-4,0,0
Supriya Sule,nigam,3,6.454388984509467e-4,0,0
Supriya Sule,nirmala,1,2.151462994836489e-4,0,0
Supriya Sule,nirman,1,2.151462994836489e-4,0,0
Supriya Sule,nodal,1,2.151462994836489e-4,0,0
Supriya Sule,nonavailability,2,4.302925989672978e-4,0,0
Supriya Sule,norms,1,2.151462994836489e-4,0,0
Supriya Sule,notice,1,2.151462994836489e-4,0,0
Supriya Sule,noticeable,1,2.151462994836489e-4,0,0
Supriya Sule,notification,1,2.151462994836489e-4,0,0
Supriya Sule,nuclear,1,2.151462994836489e-4,0,0
Supriya Sule,nutrition,2,4.302925989672978e-4,0,0
Supriya Sule,nutritious,2,4.302925989672978e-4,0,0
Supriya Sule,objective,5,0.0010757314974182443,0,0
Supriya Sule,objectives,8,0.0017211703958691911,0,0
Supriya Sule,observed,1,2.151462994836489e-4,0,0
Supriya Sule,obtain,1,2.151462994836489e-4,0,0
Supriya Sule,obtaining,2,4.302925989672978e-4,0,0
Supriya Sule,occupancy,1,2.151462994836489e-4,0,0
Supriya Sule,odisha,6,0.0012908777969018934,0,0
Supriya Sule,offence,1,2.151462994836489e-4,0,0
Supriya Sule,offer,2,4.302925989672978e-4,0,0
Supriya Sule,offered,1,2.151462994836489e-4,0,0
Supriya Sule,office,2,4.302925989672978e-4,0,0
Supriya Sule,officers,1,2.151462994836489e-4,0,0
Supriya Sule,offices,1,2.151462994836489e-4,0,0
Supriya Sule,officials,4,8.605851979345956e-4,0,0
Supriya Sule,online,11,0.0023666092943201377,0,0
Supriya Sule,operate,1,2.151462994836489e-4,0,0
Supriya Sule,operational,4,8.605851979345956e-4,0,0
Supriya Sule,operationalized,1,2.151462994836489e-4,0,0
Supriya Sule,operations,1,2.151462994836489e-4,0,0
Supriya Sule,operators,3,6.454388984509467e-4,0,0
Supriya Sule,opportunities,2,4.302925989672978e-4,0,0
Supriya Sule,opposed,1,2.151462994836489e-4,0,0
Supriya Sule,opposition,1,2.151462994836489e-4,0,0
Supriya Sule,options,1,2.151462994836489e-4,0,0
Supriya Sule,order,4,8.605851979345956e-4,0,0
Supriya Sule,organic,5,0.0010757314974182443,0,0
Supriya Sule,organization,4,8.605851979345956e-4,0,0
Supriya Sule,organized,2,4.302925989672978e-4,0,0
Supriya Sule,organizes,1,2.151462994836489e-4,0,0
Supriya Sule,oriented,1,2.151462994836489e-4,0,0
Supriya Sule,original,1,2.151462994836489e-4,0,0
Supriya Sule,outcome,5,0.0010757314974182443,0,0
Supriya Sule,outcomes,2,4.302925989672978e-4,0,0
Supriya Sule,outlay,2,4.302925989672978e-4,0,0
Supriya Sule,outnumber,1,2.151462994836489e-4,0,0
Supriya Sule,outside,1,2.151462994836489e-4,0,0
Supriya Sule,overall,6,0.0012908777969018934,0,0
Supriya Sule,overcome,1,2.151462994836489e-4,0,0
Supriya Sule,overseas,5,0.0010757314974182443,0,0
Supriya Sule,package,1,2.151462994836489e-4,0,0
Supriya Sule,padho,1,2.151462994836489e-4,0,0
Supriya Sule,panchayats,2,4.302925989672978e-4,0,0
Supriya Sule,pandemic,1,2.151462994836489e-4,0,0
Supriya Sule,panel,3,6.454388984509467e-4,0,0
Supriya Sule,parameters,4,8.605851979345956e-4,0,0
Supriya Sule,paramparagat,1,2.151462994836489e-4,0,0
Supriya Sule,pardesh,1,2.151462994836489e-4,0,0
Supriya Sule,partial,1,2.151462994836489e-4,0,0
Supriya Sule,participate,1,2.151462994836489e-4,0,0
Supriya Sule,participating,1,2.151462994836489e-4,0,0
Supriya Sule,participation,3,6.454388984509467e-4,0,0
Supriya Sule,participative,1,2.151462994836489e-4,0,0
Supriya Sule,particularly,12,0.0025817555938037868,0,0
Supriya Sule,partners,3,6.454388984509467e-4,0,0
Supriya Sule,partnership,2,4.302925989672978e-4,0,0
Supriya Sule,partnerships,1,2.151462994836489e-4,0,0
Supriya Sule,parts,4,8.605851979345956e-4,0,0
Supriya Sule,passed,2,4.302925989672978e-4,0,0
Supriya Sule,passenger,4,8.605851979345956e-4,0,0
Supriya Sule,passengers,6,0.0012908777969018934,0,0
Supriya Sule,passport,5,0.0010757314974182443,0,0
Supriya Sule,pathetic,1,2.151462994836489e-4,0,0
Supriya Sule,patients,6,0.0012908777969018934,0,0
Supriya Sule,pattern,2,4.302925989672978e-4,0,0
Supriya Sule,paving,1,2.151462994836489e-4,0,0
Supriya Sule,payment,3,6.454388984509467e-4,0,0
Supriya Sule,payments,1,2.151462994836489e-4,0,0
Supriya Sule,penalty,2,4.302925989672978e-4,0,0
Supriya Sule,pending,3,6.454388984509467e-4,0,0
Supriya Sule,penetration,1,2.151462994836489e-4,0,0
Supriya Sule,pension,1,2.151462994836489e-4,0,0
Supriya Sule,people,7,0.0015060240963855422,0,0
Supriya Sule,percentage,8,0.0017211703958691911,0,0
Supriya Sule,performance,9,0.00193631669535284,0,0
Supriya Sule,period,11,0.0023666092943201377,0,0
Supriya Sule,permanent,3,6.454388984509467e-4,0,0
Supriya Sule,permission,6,0.0012908777969018934,0,0
Supriya Sule,permits,1,2.151462994836489e-4,0,0
Supriya Sule,persist,1,2.151462994836489e-4,0,0
Supriya Sule,person,2,4.302925989672978e-4,0,0
Supriya Sule,personal,1,2.151462994836489e-4,0,0
Supriya Sule,personnel,6,0.0012908777969018934,0,0
Supriya Sule,persons,5,0.0010757314974182443,0,0
Supriya Sule,perspective,1,2.151462994836489e-4,0,0
Supriya Sule,petroleum,3,6.454388984509467e-4,0,0
Supriya Sule,phase,1,2.151462994836489e-4,0,0
Supriya Sule,phone,1,2.151462994836489e-4,0,0
Supriya Sule,physical,1,2.151462994836489e-4,0,0
Supriya Sule,pilferage,1,2.151462994836489e-4,0,0
Supriya Sule,pilot,2,4.302925989672978e-4,0,0
Supriya Sule,place,5,0.0010757314974182443,0,0
Supriya Sule,placed,2,4.302925989672978e-4,0,0
Supriya Sule,placements,1,2.151462994836489e-4,0,0
Supriya Sule,planned,1,2.151462994836489e-4,0,0
Supriya Sule,planning,4,8.605851979345956e-4,0,0
Supriya Sule,plans,6,0.0012908777969018934,0,0
Supriya Sule,plants,5,0.0010757314974182443,0,0
Supriya Sule,platform,1,2.151462994836489e-4,0,0
Supriya Sule,platforms,1,2.151462994836489e-4,0,0
Supriya Sule,players,2,4.302925989672978e-4,0,0
Supriya Sule,pleased,73,0.01570567986230637,0,0
Supriya Sule,pmgsy,1,2.151462994836489e-4,0,0
Supriya Sule,pmkks,1,2.151462994836489e-4,0,0
Supriya Sule,pmsgmby,3,6.454388984509467e-4,0,0
Supriya Sule,point,2,4.302925989672978e-4,0,0
Supriya Sule,police,10,0.0021514629948364886,0,0
Supriya Sule,policing,1,2.151462994836489e-4,0,0
Supriya Sule,policy,8,0.0017211703958691911,0,0
Supriya Sule,pollution,2,4.302925989672978e-4,0,0
Supriya Sule,popularise,1,2.151462994836489e-4,0,0
Supriya Sule,popularize,1,2.151462994836489e-4,0,0
Supriya Sule,portal,7,0.0015060240963855422,0,0
Supriya Sule,portals,2,4.302925989672978e-4,0,0
Supriya Sule,ports,1,2.151462994836489e-4,0,0
Supriya Sule,poshan,4,8.605851979345956e-4,0,0
Supriya Sule,posted,1,2.151462994836489e-4,0,0
Supriya Sule,potential,3,6.454388984509467e-4,0,0
Supriya Sule,poverty,8,0.0017211703958691911,0,0
Supriya Sule,power,13,0.0027969018932874354,0,0
Supriya Sule,powers,1,2.151462994836489e-4,0,0
Supriya Sule,practice,2,4.302925989672978e-4,0,0
Supriya Sule,practices,3,6.454388984509467e-4,0,0
Supriya Sule,pradesh,5,0.0010757314974182443,0,0
Supriya Sule,prepare,2,4.302925989672978e-4,0,0
Supriya Sule,prepared,2,4.302925989672978e-4,0,0
Supriya Sule,prescribed,1,2.151462994836489e-4,0,0
Supriya Sule,present,7,0.0015060240963855422,0,0
Supriya Sule,presently,1,2.151462994836489e-4,0,0
Supriya Sule,press,4,8.605851979345956e-4,0,0
Supriya Sule,prevalent,1,2.151462994836489e-4,0,0
Supriya Sule,prevent,2,4.302925989672978e-4,0,0
Supriya Sule,price,7,0.0015060240963855422,0,0
Supriya Sule,prime,2,4.302925989672978e-4,0,0
Supriya Sule,principal,1,2.151462994836489e-4,0,0
Supriya Sule,priority,1,2.151462994836489e-4,0,0
Supriya Sule,privacy,1,2.151462994836489e-4,0,0
Supriya Sule,private,18,0.00387263339070568,0,0
Supriya Sule,privatise,1,2.151462994836489e-4,0,0
Supriya Sule,problem,2,4.302925989672978e-4,0,0
Supriya Sule,problems,3,6.454388984509467e-4,0,0
Supriya Sule,procedure,3,6.454388984509467e-4,0,0
Supriya Sule,procedures,4,8.605851979345956e-4,0,0
Supriya Sule,process,9,0.00193631669535284,0,0
Supriya Sule,processes,1,2.151462994836489e-4,0,0
Supriya Sule,processing,3,6.454388984509467e-4,0,0
Supriya Sule,procure,1,2.151462994836489e-4,0,0
Supriya Sule,procured,3,6.454388984509467e-4,0,0
Supriya Sule,procurement,4,8.605851979345956e-4,0,0
Supriya Sule,procuring,1,2.151462994836489e-4,0,0
Supriya Sule,producing,1,2.151462994836489e-4,0,0
Supriya Sule,production,15,0.003227194492254733,0,0
Supriya Sule,products,8,0.0017211703958691911,0,0
Supriya Sule,profession,2,4.302925989672978e-4,0,0
Supriya Sule,professional,1,2.151462994836489e-4,0,0
Supriya Sule,profit,1,2.151462994836489e-4,0,0
Supriya Sule,profitability,1,2.151462994836489e-4,0,0
Supriya Sule,progeny,1,2.151462994836489e-4,0,0
Supriya Sule,programme,16,0.0034423407917383822,0,0
Supriya Sule,programmes,5,0.0010757314974182443,0,0
Supriya Sule,progress,4,8.605851979345956e-4,0,0
Supriya Sule,project,7,0.0015060240963855422,0,0
Supriya Sule,projects,4,8.605851979345956e-4,0,0
Supriya Sule,promote,7,0.0015060240963855422,0,0
Supriya Sule,promoting,1,2.151462994836489e-4,0,0
Supriya Sule,promotion,7,0.0015060240963855422,0,0
Supriya Sule,propagate,1,2.151462994836489e-4,0,0
Supriya Sule,proper,2,4.302925989672978e-4,0,0
Supriya Sule,property,1,2.151462994836489e-4,0,0
Supriya Sule,proposal,2,4.302925989672978e-4,0,0
Supriya Sule,proposals,2,4.302925989672978e-4,0,0
Supriya Sule,proposes,20,0.004302925989672977,0,0
Supriya Sule,protect,3,6.454388984509467e-4,0,0
Supriya Sule,protecting,1,2.151462994836489e-4,0,0
Supriya Sule,protection,1,2.151462994836489e-4,0,0
Supriya Sule,protein,1,2.151462994836489e-4,0,0
Supriya Sule,prototype,1,2.151462994836489e-4,0,0
Supriya Sule,provided,13,0.0027969018932874354,0,0
Supriya Sule,provident,3,6.454388984509467e-4,0,0
Supriya Sule,provides,1,2.151462994836489e-4,0,0
Supriya Sule,providing,5,0.0010757314974182443,0,0
Supriya Sule,provision,3,6.454388984509467e-4,0,0
Supriya Sule,provisions,2,4.302925989672978e-4,0,0
Supriya Sule,public,9,0.00193631669535284,0,0
Supriya Sule,publishes,1,2.151462994836489e-4,0,0
Supriya Sule,punjab,1,2.151462994836489e-4,0,0
Supriya Sule,purpose,8,0.0017211703958691911,0,0
Supriya Sule,purposes,1,2.151462994836489e-4,0,0
Supriya Sule,pursuing,1,2.151462994836489e-4,0,0
Supriya Sule,purview,1,2.151462994836489e-4,0,0
Supriya Sule,quality,3,6.454388984509467e-4,0,0
Supriya Sule,quantity,1,2.151462994836489e-4,0,0
Supriya Sule,quantum,7,0.0015060240963855422,0,0
Supriya Sule,questions,2,4.302925989672978e-4,0,0
Supriya Sule,rackets,1,2.151462994836489e-4,0,0
Supriya Sule,railway,9,0.00193631669535284,0,0
Supriya Sule,railways,16,0.0034423407917383822,0,0
Supriya Sule,raised,1,2.151462994836489e-4,0,0
Supriya Sule,rajasthan,1,2.151462994836489e-4,0,0
Supriya Sule,rajsinh,2,4.302925989672978e-4,0,0
Supriya Sule,ramrao,2,4.302925989672978e-4,0,0
Supriya Sule,ramsing,4,8.605851979345956e-4,0,0
Supriya Sule,ranking,4,8.605851979345956e-4,0,0
Supriya Sule,ranks,1,2.151462994836489e-4,0,0
Supriya Sule,rashtriya,1,2.151462994836489e-4,0,0
Supriya Sule,rather,1,2.151462994836489e-4,0,0
Supriya Sule,rating,3,6.454388984509467e-4,0,0
Supriya Sule,ration,1,2.151462994836489e-4,0,0
Supriya Sule,rationalization,2,4.302925989672978e-4,0,0
Supriya Sule,rationalize,2,4.302925989672978e-4,0,0
Supriya Sule,reach,1,2.151462994836489e-4,0,0
Supriya Sule,reached,1,2.151462994836489e-4,0,0
Supriya Sule,reaching,1,2.151462994836489e-4,0,0
Supriya Sule,reaction,2,4.302925989672978e-4,0,0
Supriya Sule,reactor,2,4.302925989672978e-4,0,0
Supriya Sule,reactors,1,2.151462994836489e-4,0,0
Supriya Sule,realisation,1,2.151462994836489e-4,0,0
Supriya Sule,realization,1,2.151462994836489e-4,0,0
Supriya Sule,reasons,28,0.006024096385542169,0,0
Supriya Sule,rebate,4,8.605851979345956e-4,0,0
Supriya Sule,recall,3,6.454388984509467e-4,0,0
Supriya Sule,recalled,2,4.302925989672978e-4,0,0
Supriya Sule,receipt,1,2.151462994836489e-4,0,0
Supriya Sule,received,8,0.0017211703958691911,0,0
Supriya Sule,recent,1,2.151462994836489e-4,0,0
Supriya Sule,recently,7,0.0015060240963855422,0,0
Supriya Sule,recognized,1,2.151462994836489e-4,0,0
Supriya Sule,reconstituted,1,2.151462994836489e-4,0,0
Supriya Sule,recover,1,2.151462994836489e-4,0,0
Supriya Sule,recurring,1,2.151462994836489e-4,0,0
Supriya Sule,redressal,2,4.302925989672978e-4,0,0
Supriya Sule,reduce,5,0.0010757314974182443,0,0
Supriya Sule,reduced,4,8.605851979345956e-4,0,0
Supriya Sule,reducing,1,2.151462994836489e-4,0,0
Supriya Sule,reduction,1,2.151462994836489e-4,0,0
Supriya Sule,referred,7,0.0015060240963855422,0,0
Supriya Sule,reforms,2,4.302925989672978e-4,0,0
Supriya Sule,refused,2,4.302925989672978e-4,0,0
Supriya Sule,refusing,1,2.151462994836489e-4,0,0
Supriya Sule,regarding,6,0.0012908777969018934,0,0
Supriya Sule,regional,2,4.302925989672978e-4,0,0
Supriya Sule,regions,4,8.605851979345956e-4,0,0
Supriya Sule,register,3,6.454388984509467e-4,0,0
Supriya Sule,registered,4,8.605851979345956e-4,0,0
Supriya Sule,registers,1,2.151462994836489e-4,0,0
Supriya Sule,registration,17,0.003657487091222031,0,0
Supriya Sule,regular,1,2.151462994836489e-4,0,0
Supriya Sule,regularly,1,2.151462994836489e-4,0,0
Supriya Sule,regulation,2,4.302925989672978e-4,0,0
Supriya Sule,regulations,1,2.151462994836489e-4,0,0
Supriya Sule,regulatory,8,0.0017211703958691911,0,0
Supriya Sule,rehabilitated,1,2.151462994836489e-4,0,0
Supriya Sule,rehabilitation,3,6.454388984509467e-4,0,0
Supriya Sule,reinvested,1,2.151462994836489e-4,0,0
Supriya Sule,rejected,1,2.151462994836489e-4,0,0
Supriya Sule,related,3,6.454388984509467e-4,0,0
Supriya Sule,relating,5,0.0010757314974182443,0,0
Supriya Sule,relax,1,2.151462994836489e-4,0,0
Supriya Sule,release,4,8.605851979345956e-4,0,0
Supriya Sule,released,5,0.0010757314974182443,0,0
Supriya Sule,relevant,1,2.151462994836489e-4,0,0
Supriya Sule,reliability,1,2.151462994836489e-4,0,0
Supriya Sule,reliant,1,2.151462994836489e-4,0,0
Supriya Sule,remain,1,2.151462994836489e-4,0,0
Supriya Sule,remains,1,2.151462994836489e-4,0,0
Supriya Sule,remedial,1,2.151462994836489e-4,0,0
Supriya Sule,remittance,2,4.302925989672978e-4,0,0
Supriya Sule,remote,2,4.302925989672978e-4,0,0
Supriya Sule,remove,1,2.151462994836489e-4,0,0
Supriya Sule,removed,1,2.151462994836489e-4,0,0
Supriya Sule,renewing,1,2.151462994836489e-4,0,0
Supriya Sule,repair,1,2.151462994836489e-4,0,0
Supriya Sule,repairs,1,2.151462994836489e-4,0,0
Supriya Sule,repayment,2,4.302925989672978e-4,0,0
Supriya Sule,replaced,1,2.151462994836489e-4,0,0
Supriya Sule,report,2,4.302925989672978e-4,0,0
Supriya Sule,reported,5,0.0010757314974182443,0,0
Supriya Sule,reportedly,1,2.151462994836489e-4,0,0
Supriya Sule,reporting,1,2.151462994836489e-4,0,0
Supriya Sule,reports,2,4.302925989672978e-4,0,0
Supriya Sule,requested,3,6.454388984509467e-4,0,0
Supriya Sule,requests,1,2.151462994836489e-4,0,0
Supriya Sule,require,1,2.151462994836489e-4,0,0
Supriya Sule,required,9,0.00193631669535284,0,0
Supriya Sule,requirement,4,8.605851979345956e-4,0,0
Supriya Sule,requirements,3,6.454388984509467e-4,0,0
Supriya Sule,requires,1,2.151462994836489e-4,0,0
Supriya Sule,rescued,1,2.151462994836489e-4,0,0
Supriya Sule,research,4,8.605851979345956e-4,0,0
Supriya Sule,reserve,3,6.454388984509467e-4,0,0
Supriya Sule,residential,2,4.302925989672978e-4,0,0
Supriya Sule,resolution,1,2.151462994836489e-4,0,0
Supriya Sule,resolved,2,4.302925989672978e-4,0,0
Supriya Sule,resource,3,6.454388984509467e-4,0,0
Supriya Sule,respective,1,2.151462994836489e-4,0,0
Supriya Sule,response,5,0.0010757314974182443,0,0
Supriya Sule,responses,2,4.302925989672978e-4,0,0
Supriya Sule,responsibility,3,6.454388984509467e-4,0,0
Supriya Sule,responsible,1,2.151462994836489e-4,0,0
Supriya Sule,restricted,1,2.151462994836489e-4,0,0
Supriya Sule,restructured,2,4.302925989672978e-4,0,0
Supriya Sule,restructuring,1,2.151462994836489e-4,0,0
Supriya Sule,result,1,2.151462994836489e-4,0,0
Supriya Sule,resulted,3,6.454388984509467e-4,0,0
Supriya Sule,retail,1,2.151462994836489e-4,0,0
Supriya Sule,retirement,1,2.151462994836489e-4,0,0
Supriya Sule,return,1,2.151462994836489e-4,0,0
Supriya Sule,returns,2,4.302925989672978e-4,0,0
Supriya Sule,revealed,1,2.151462994836489e-4,0,0
Supriya Sule,revenue,2,4.302925989672978e-4,0,0
Supriya Sule,revenues,2,4.302925989672978e-4,0,0
Supriya Sule,review,4,8.605851979345956e-4,0,0
Supriya Sule,reviewed,2,4.302925989672978e-4,0,0
Supriya Sule,revise,1,2.151462994836489e-4,0,0
Supriya Sule,revised,4,8.605851979345956e-4,0,0
Supriya Sule,revision,1,2.151462994836489e-4,0,0
Supriya Sule,revival,1,2.151462994836489e-4,0,0
Supriya Sule,ridden,1,2.151462994836489e-4,0,0
Supriya Sule,right,1,2.151462994836489e-4,0,0
Supriya Sule,rights,2,4.302925989672978e-4,0,0
Supriya Sule,risks,1,2.151462994836489e-4,0,0
Supriya Sule,robotics,1,2.151462994836489e-4,0,0
Supriya Sule,rolling,1,2.151462994836489e-4,0,0
Supriya Sule,rollout,1,2.151462994836489e-4,0,0
Supriya Sule,route,2,4.302925989672978e-4,0,0
Supriya Sule,rules,2,4.302925989672978e-4,0,0
Supriya Sule,rupee,1,2.151462994836489e-4,0,0
Supriya Sule,rural,21,0.004518072289156626,0,0
Supriya Sule,sadak,1,2.151462994836489e-4,0,0
Supriya Sule,safeguarding,1,2.151462994836489e-4,0,0
Supriya Sule,safeguards,1,2.151462994836489e-4,0,0
Supriya Sule,safety,8,0.0017211703958691911,0,0
Supriya Sule,sales,1,2.151462994836489e-4,0,0
Supriya Sule,salient,2,4.302925989672978e-4,0,0
Supriya Sule,samagra,2,4.302925989672978e-4,0,0
Supriya Sule,sanchar,2,4.302925989672978e-4,0,0
Supriya Sule,sanction,1,2.151462994836489e-4,0,0
Supriya Sule,sanctioned,6,0.0012908777969018934,0,0
Supriya Sule,sanctions,2,4.302925989672978e-4,0,0
Supriya Sule,sanitation,4,8.605851979345956e-4,0,0
Supriya Sule,scheduled,2,4.302925989672978e-4,0,0
Supriya Sule,scheduling,1,2.151462994836489e-4,0,0
Supriya Sule,scheme,31,0.006669535283993115,0,0
Supriya Sule,schemes,15,0.003227194492254733,0,0
Supriya Sule,scholarship,1,2.151462994836489e-4,0,0
Supriya Sule,school,2,4.302925989672978e-4,0,0
Supriya Sule,schools,12,0.0025817555938037868,0,0
Supriya Sule,sciences,1,2.151462994836489e-4,0,0
Supriya Sule,scientists,1,2.151462994836489e-4,0,0
Supriya Sule,season,3,6.454388984509467e-4,0,0
Supriya Sule,seasons,1,2.151462994836489e-4,0,0
Supriya Sule,secretaries,2,4.302925989672978e-4,0,0
Supriya Sule,section,2,4.302925989672978e-4,0,0
Supriya Sule,sections,3,6.454388984509467e-4,0,0
Supriya Sule,sector,16,0.0034423407917383822,0,0
Supriya Sule,sectors,2,4.302925989672978e-4,0,0
Supriya Sule,secured,1,2.151462994836489e-4,0,0
Supriya Sule,securing,1,2.151462994836489e-4,0,0
Supriya Sule,security,6,0.0012908777969018934,0,0
Supriya Sule,seekers,1,2.151462994836489e-4,0,0
Supriya Sule,selected,1,2.151462994836489e-4,0,0
Supriya Sule,selection,1,2.151462994836489e-4,0,0
Supriya Sule,senior,6,0.0012908777969018934,0,0
Supriya Sule,separately,1,2.151462994836489e-4,0,0
Supriya Sule,series,1,2.151462994836489e-4,0,0
Supriya Sule,serious,2,4.302925989672978e-4,0,0
Supriya Sule,served,1,2.151462994836489e-4,0,0
Supriya Sule,service,6,0.0012908777969018934,0,0
Supriya Sule,services,24,0.0051635111876075735,0,0
Supriya Sule,setting,1,2.151462994836489e-4,0,0
Supriya Sule,settlement,3,6.454388984509467e-4,0,0
Supriya Sule,several,1,2.151462994836489e-4,0,0
Supriya Sule,severely,2,4.302925989672978e-4,0,0
Supriya Sule,sewerage,1,2.151462994836489e-4,0,0
Supriya Sule,sgmby,3,6.454388984509467e-4,0,0
Supriya Sule,shakti,2,4.302925989672978e-4,0,0
Supriya Sule,share,7,0.0015060240963855422,0,0
Supriya Sule,shared,3,6.454388984509467e-4,0,0
Supriya Sule,shareholding,1,2.151462994836489e-4,0,0
Supriya Sule,sharing,1,2.151462994836489e-4,0,0
Supriya Sule,sharp,1,2.151462994836489e-4,0,0
Supriya Sule,shiksha,2,4.302925989672978e-4,0,0
Supriya Sule,shipments,1,2.151462994836489e-4,0,0
Supriya Sule,shipping,4,8.605851979345956e-4,0,0
Supriya Sule,shipyards,1,2.151462994836489e-4,0,0
Supriya Sule,shopping,1,2.151462994836489e-4,0,0
Supriya Sule,shops,3,6.454388984509467e-4,0,0
Supriya Sule,shortcomings,1,2.151462994836489e-4,0,0
Supriya Sule,shown,1,2.151462994836489e-4,0,0
Supriya Sule,signed,3,6.454388984509467e-4,0,0
Supriya Sule,significantly,2,4.302925989672978e-4,0,0
Supriya Sule,signs,1,2.151462994836489e-4,0,0
Supriya Sule,similarly,1,2.151462994836489e-4,0,0
Supriya Sule,simplification,2,4.302925989672978e-4,0,0
Supriya Sule,simplified,2,4.302925989672978e-4,0,0
Supriya Sule,simplify,2,4.302925989672978e-4,0,0
Supriya Sule,simultaneous,1,2.151462994836489e-4,0,0
Supriya Sule,single,6,0.0012908777969018934,0,0
Supriya Sule,sitharaman,1,2.151462994836489e-4,0,0
Supriya Sule,situation,1,2.151462994836489e-4,0,0
Supriya Sule,skill,12,0.0025817555938037868,0,0
Supriya Sule,skills,1,2.151462994836489e-4,0,0
Supriya Sule,small,9,0.00193631669535284,0,0
Supriya Sule,smooth,1,2.151462994836489e-4,0,0
Supriya Sule,social,4,8.605851979345956e-4,0,0
Supriya Sule,societies,1,2.151462994836489e-4,0,0
Supriya Sule,society,1,2.151462994836489e-4,0,0
Supriya Sule,socio,2,4.302925989672978e-4,0,0
Supriya Sule,solar,2,4.302925989672978e-4,0,0
Supriya Sule,source,1,2.151462994836489e-4,0,0
Supriya Sule,special,2,4.302925989672978e-4,0,0
Supriya Sule,specific,5,0.0010757314974182443,0,0
Supriya Sule,spectacles,1,2.151462994836489e-4,0,0
Supriya Sule,spectrum,2,4.302925989672978e-4,0,0
Supriya Sule,speed,2,4.302925989672978e-4,0,0
Supriya Sule,spending,2,4.302925989672978e-4,0,0
Supriya Sule,sponsored,1,2.151462994836489e-4,0,0
Supriya Sule,sport,1,2.151462994836489e-4,0,0
Supriya Sule,sports,5,0.0010757314974182443,0,0
Supriya Sule,spots,3,6.454388984509467e-4,0,0
Supriya Sule,square,2,4.302925989672978e-4,0,0
Supriya Sule,stability,1,2.151462994836489e-4,0,0
Supriya Sule,staff,1,2.151462994836489e-4,0,0
Supriya Sule,staffing,2,4.302925989672978e-4,0,0
Supriya Sule,stakeholders,3,6.454388984509467e-4,0,0
Supriya Sule,standard,1,2.151462994836489e-4,0,0
Supriya Sule,standards,2,4.302925989672978e-4,0,0
Supriya Sule,start,1,2.151462994836489e-4,0,0
Supriya Sule,started,3,6.454388984509467e-4,0,0
Supriya Sule,states,37,0.007960413080895009,0,0
Supriya Sule,stations,2,4.302925989672978e-4,0,0
Supriya Sule,status,12,0.0025817555938037868,0,0
Supriya Sule,statutes,1,2.151462994836489e-4,0,0
Supriya Sule,statutory,1,2.151462994836489e-4,0,0
Supriya Sule,sticks,1,2.151462994836489e-4,0,0
Supriya Sule,still,4,8.605851979345956e-4,0,0
Supriya Sule,stipulated,1,2.151462994836489e-4,0,0
Supriya Sule,storage,1,2.151462994836489e-4,0,0
Supriya Sule,strategic,1,2.151462994836489e-4,0,0
Supriya Sule,strategy,2,4.302925989672978e-4,0,0
Supriya Sule,streamline,1,2.151462994836489e-4,0,0
Supriya Sule,street,5,0.0010757314974182443,0,0
Supriya Sule,strengthen,3,6.454388984509467e-4,0,0
Supriya Sule,stress,1,2.151462994836489e-4,0,0
Supriya Sule,stretch,1,2.151462994836489e-4,0,0
Supriya Sule,stretches,2,4.302925989672978e-4,0,0
Supriya Sule,students,15,0.003227194492254733,0,0
Supriya Sule,studied,1,2.151462994836489e-4,0,0
Supriya Sule,studies,2,4.302925989672978e-4,0,0
Supriya Sule,study,5,0.0010757314974182443,0,0
Supriya Sule,studying,1,2.151462994836489e-4,0,0
Supriya Sule,subjects,1,2.151462994836489e-4,0,0
Supriya Sule,submission,1,2.151462994836489e-4,0,0
Supriya Sule,submit,1,2.151462994836489e-4,0,0
Supriya Sule,subsidy,3,6.454388984509467e-4,0,0
Supriya Sule,suburban,1,2.151462994836489e-4,0,0
Supriya Sule,succeeded,1,2.151462994836489e-4,0,0
Supriya Sule,success,1,2.151462994836489e-4,0,0
Supriya Sule,successful,1,2.151462994836489e-4,0,0
Supriya Sule,suffering,1,2.151462994836489e-4,0,0
Supriya Sule,suggestions,1,2.151462994836489e-4,0,0
Supriya Sule,suicide,1,2.151462994836489e-4,0,0
Supriya Sule,sundaram,1,2.151462994836489e-4,0,0
Supriya Sule,suppliers,1,2.151462994836489e-4,0,0
Supriya Sule,supplies,1,2.151462994836489e-4,0,0
Supriya Sule,supply,3,6.454388984509467e-4,0,0
Supriya Sule,support,4,8.605851979345956e-4,0,0
Supriya Sule,supported,1,2.151462994836489e-4,0,0
Supriya Sule,supports,1,2.151462994836489e-4,0,0
Supriya Sule,survekshan,2,4.302925989672978e-4,0,0
Supriya Sule,survey,7,0.0015060240963855422,0,0
Supriya Sule,surveys,1,2.151462994836489e-4,0,0
Supriya Sule,svanidhi,5,0.0010757314974182443,0,0
Supriya Sule,swachh,3,6.454388984509467e-4,0,0
Supriya Sule,swayam,2,4.302925989672978e-4,0,0
Supriya Sule,system,5,0.0010757314974182443,0,0
Supriya Sule,systems,2,4.302925989672978e-4,0,0
Supriya Sule,table,3,6.454388984509467e-4,0,0
Supriya Sule,tackle,1,2.151462994836489e-4,0,0
Supriya Sule,target,6,0.0012908777969018934,0,0
Supriya Sule,targeted,1,2.151462994836489e-4,0,0
Supriya Sule,targets,10,0.0021514629948364886,0,0
Supriya Sule,taxes,4,8.605851979345956e-4,0,0
Supriya Sule,teachers,1,2.151462994836489e-4,0,0
Supriya Sule,teaching,2,4.302925989672978e-4,0,0
Supriya Sule,technical,1,2.151462994836489e-4,0,0
Supriya Sule,technological,1,2.151462994836489e-4,0,0
Supriya Sule,technology,4,8.605851979345956e-4,0,0
Supriya Sule,telangana,1,2.151462994836489e-4,0,0
Supriya Sule,telecom,4,8.605851979345956e-4,0,0
Supriya Sule,telemedicine,1,2.151462994836489e-4,0,0
Supriya Sule,telephone,1,2.151462994836489e-4,0,0
Supriya Sule,terms,4,8.605851979345956e-4,0,0
Supriya Sule,territories,3,6.454388984509467e-4,0,0
Supriya Sule,territory,1,2.151462994836489e-4,0,0
Supriya Sule,testing,1,2.151462994836489e-4,0,0
Supriya Sule,therefor,25,0.005378657487091222,0,0
Supriya Sule,therefrom,1,2.151462994836489e-4,0,0
Supriya Sule,thereto,3,6.454388984509467e-4,0,0
Supriya Sule,thermal,2,4.302925989672978e-4,0,0
Supriya Sule,though,1,2.151462994836489e-4,0,0
Supriya Sule,three,35,0.007530120481927711,0,0
Supriya Sule,threshold,1,2.151462994836489e-4,0,0
Supriya Sule,ticketing,2,4.302925989672978e-4,0,0
Supriya Sule,tickets,1,2.151462994836489e-4,0,0
Supriya Sule,timely,1,2.151462994836489e-4,0,0
Supriya Sule,timing,1,2.151462994836489e-4,0,0
Supriya Sule,toilets,4,8.605851979345956e-4,0,0
Supriya Sule,touch,1,2.151462994836489e-4,0,0
Supriya Sule,tourism,1,2.151462994836489e-4,0,0
Supriya Sule,toward,1,2.151462994836489e-4,0,0
Supriya Sule,towards,3,6.454388984509467e-4,0,0
Supriya Sule,tower,1,2.151462994836489e-4,0,0
Supriya Sule,towns,1,2.151462994836489e-4,0,0
Supriya Sule,tracking,1,2.151462994836489e-4,0,0
Supriya Sule,trade,7,0.0015060240963855422,0,0
Supriya Sule,traditional,1,2.151462994836489e-4,0,0
Supriya Sule,traffic,1,2.151462994836489e-4,0,0
Supriya Sule,train,4,8.605851979345956e-4,0,0
Supriya Sule,trained,5,0.0010757314974182443,0,0
Supriya Sule,trainees,1,2.151462994836489e-4,0,0
Supriya Sule,training,15,0.003227194492254733,0,0
Supriya Sule,trains,3,6.454388984509467e-4,0,0
Supriya Sule,transaction,1,2.151462994836489e-4,0,0
Supriya Sule,transactions,1,2.151462994836489e-4,0,0
Supriya Sule,transfer,1,2.151462994836489e-4,0,0
Supriya Sule,transparency,2,4.302925989672978e-4,0,0
Supriya Sule,transport,3,6.454388984509467e-4,0,0
Supriya Sule,trauma,4,8.605851979345956e-4,0,0
Supriya Sule,treated,1,2.151462994836489e-4,0,0
Supriya Sule,treatme,1,2.151462994836489e-4,0,0
Supriya Sule,treatment,1,2.151462994836489e-4,0,0
Supriya Sule,tribal,4,8.605851979345956e-4,0,0
Supriya Sule,tribes,2,4.302925989672978e-4,0,0
Supriya Sule,tried,1,2.151462994836489e-4,0,0
Supriya Sule,types,2,4.302925989672978e-4,0,0
Supriya Sule,unable,2,4.302925989672978e-4,0,0
Supriya Sule,uncovered,1,2.151462994836489e-4,0,0
Supriya Sule,underserved,1,2.151462994836489e-4,0,0
Supriya Sule,understand,1,2.151462994836489e-4,0,0
Supriya Sule,understanding,1,2.151462994836489e-4,0,0
Supriya Sule,undertaken,5,0.0010757314974182443,0,0
Supriya Sule,unethical,1,2.151462994836489e-4,0,0
Supriya Sule,unified,2,4.302925989672978e-4,0,0
Supriya Sule,union,7,0.0015060240963855422,0,0
Supriya Sule,unions,1,2.151462994836489e-4,0,0
Supriya Sule,united,1,2.151462994836489e-4,0,0
Supriya Sule,units,3,6.454388984509467e-4,0,0
Supriya Sule,universities,1,2.151462994836489e-4,0,0
Supriya Sule,unless,2,4.302925989672978e-4,0,0
Supriya Sule,unplanned,1,2.151462994836489e-4,0,0
Supriya Sule,unregistered,1,2.151462994836489e-4,0,0
Supriya Sule,unsatisfactory,1,2.151462994836489e-4,0,0
Supriya Sule,unscrupulous,1,2.151462994836489e-4,0,0
Supriya Sule,untraced,1,2.151462994836489e-4,0,0
Supriya Sule,upgradation,1,2.151462994836489e-4,0,0
Supriya Sule,upgrade,1,2.151462994836489e-4,0,0
Supriya Sule,upgraded,1,2.151462994836489e-4,0,0
Supriya Sule,uploaded,1,2.151462994836489e-4,0,0
Supriya Sule,urban,13,0.0027969018932874354,0,0
Supriya Sule,urged,2,4.302925989672978e-4,0,0
Supriya Sule,usage,3,6.454388984509467e-4,0,0
Supriya Sule,users,1,2.151462994836489e-4,0,0
Supriya Sule,using,2,4.302925989672978e-4,0,0
Supriya Sule,utilisation,1,2.151462994836489e-4,0,0
Supriya Sule,utilised,2,4.302925989672978e-4,0,0
Supriya Sule,utilization,1,2.151462994836489e-4,0,0
Supriya Sule,utilized,4,8.605851979345956e-4,0,0
Supriya Sule,uttarakhand,1,2.151462994836489e-4,0,0
Supriya Sule,utwise,2,4.302925989672978e-4,0,0
Supriya Sule,vaisakha,1,2.151462994836489e-4,0,0
Supriya Sule,valid,1,2.151462994836489e-4,0,0
Supriya Sule,validated,1,2.151462994836489e-4,0,0
Supriya Sule,validity,2,4.302925989672978e-4,0,0
Supriya Sule,value,2,4.302925989672978e-4,0,0
Supriya Sule,various,22,0.004733218588640275,0,0
Supriya Sule,vehicles,6,0.0012908777969018934,0,0
Supriya Sule,vehicular,1,2.151462994836489e-4,0,0
Supriya Sule,vending,2,4.302925989672978e-4,0,0
Supriya Sule,vendors,6,0.0012908777969018934,0,0
Supriya Sule,venkaiah,1,2.151462994836489e-4,0,0
Supriya Sule,verification,2,4.302925989672978e-4,0,0
Supriya Sule,version,1,2.151462994836489e-4,0,0
Supriya Sule,viability,1,2.151462994836489e-4,0,0
Supriya Sule,victims,2,4.302925989672978e-4,0,0
Supriya Sule,vidyalaya,1,2.151462994836489e-4,0,0
Supriya Sule,vigyan,1,2.151462994836489e-4,0,0
Supriya Sule,vijaykumar,6,0.0012908777969018934,0,0
Supriya Sule,vikas,1,2.151462994836489e-4,0,0
Supriya Sule,village,2,4.302925989672978e-4,0,0
Supriya Sule,villages,7,0.0015060240963855422,0,0
Supriya Sule,vishwanath,1,2.151462994836489e-4,0,0
Supriya Sule,volume,2,4.302925989672978e-4,0,0
Supriya Sule,volumes,1,2.151462994836489e-4,0,0
Supriya Sule,wages,2,4.302925989672978e-4,0,0
Supriya Sule,wastage,1,2.151462994836489e-4,0,0
Supriya Sule,water,14,0.0030120481927710845,0,0
Supriya Sule,weaker,3,6.454388984509467e-4,0,0
Supriya Sule,website,3,6.454388984509467e-4,0,0
Supriya Sule,weeks,1,2.151462994836489e-4,0,0
Supriya Sule,welfare,14,0.0030120481927710845,0,0
Supriya Sule,wells,1,2.151462994836489e-4,0,0
Supriya Sule,western,1,2.151462994836489e-4,0,0
Supriya Sule,wheelers,2,4.302925989672978e-4,0,0
Supriya Sule,whose,1,2.151462994836489e-4,0,0
Supriya Sule,wider,1,2.151462994836489e-4,0,0
Supriya Sule,wilful,1,2.151462994836489e-4,0,0
Supriya Sule,window,3,6.454388984509467e-4,0,0
Supriya Sule,within,1,2.151462994836489e-4,0,0
Supriya Sule,without,2,4.302925989672978e-4,0,0
Supriya Sule,witnessed,1,2.151462994836489e-4,0,0
Supriya Sule,women,9,0.00193631669535284,0,0
Supriya Sule,workers,2,4.302925989672978e-4,0,0
Supriya Sule,working,3,6.454388984509467e-4,0,0
Supriya Sule,workload,1,2.151462994836489e-4,0,0
Supriya Sule,works,2,4.302925989672978e-4,0,0
Supriya Sule,world,4,8.605851979345956e-4,0,0
Supriya Sule,worth,1,2.151462994836489e-4,0,0
Supriya Sule,written,1,2.151462994836489e-4,0,0
Supriya Sule,yield,1,2.151462994836489e-4,0,0
Supriya Sule,yojana,19,0.004087779690189329,0,0
Supriya Sule,youth,3,6.454388984509467e-4,0,0
Supriya Sule,zones,6,0.0012908777969018934,0,0
